Workbook

Sheet 도서목록
B1: =COUNTA($B$15:B2108) -> 559 | C1: BOOKS | E1: =COUNTBLANK($E$15:E2108) -> 1535 | F1: =COUNTBLANK($F$15:F2108) -> 1535 | H1: =COUNTA($H$15:H2108) -> 309 | I1: =COUNTA($H$15:I2108) -> 618
B2: 책 이름 | C2: 작가 | D2: 출판사 | E2: =CONCATENATE("대현","(",E1,")") -> 대현(1535) | F2: =CONCATENATE("문선","(",F1,")") -> 문선(1535) | G2: 구입 날짜 | H2: 상태 | I2: 기부/판매월
E3: =_xludf.IFS(COUNTIF(보류목록!$B$3:$B$1000, B3)>0, "-",COUNTIF(독서목록!$C$2:$C$1091, B3)=0, , COUNTIF(독서목록!$C$2:$C$1091, B3)>0, COUNTIF(독서목록!$C$2:$C$1091, B3)) -> #NAME? | F3: =_xludf.IFS(COUNTIF(보류목록!$C$3:$C$1000, B3)>0, "-",COUNTIF(독서목록!$D$2:$D$1091, B3)=0, , COUNTIF(독서목록!$D$2:$D$1091, B3)>0, COUNTIF(독서목록!$D$2:$D$1091, B3)) -> #NAME?
B4: 내 이름은 빨강1 | C4: 오르한 파묵 | D4: 민음사 | E4: =_xludf.IFS(COUNTIF(보류목록!$B$3:$B$1000, B4)>0, "-",COUNTIF(독서목록!$C$2:$C$1091, B4)=0, , COUNTIF(독서목록!$C$2:$C$1091, B4)>0, COUNTIF(독서목록!$C$2:$C$1091, B4)) -> #NAME? | F4: =_xludf.IFS(COUNTIF(보류목록!$C$3:$C$1000, B4)>0, "-",COUNTIF(독서목록!$D$2:$D$1091, B4)=0, , COUNTIF(독서목록!$D$2:$D$1091, B4)>0, COUNTIF(독서목록!$D$2:$D$1091, B4)) -> #NAME? | G4: 2026.04.03
B5: 내 이름은 빨강2 | C5: 오르한 파묵 | D5: 민음사 | E5: =_xludf.IFS(COUNTIF(보류목록!$B$3:$B$1000, B5)>0, "-",COUNTIF(독서목록!$C$2:$C$1091, B5)=0, , COUNTIF(독서목록!$C$2:$C$1091, B5)>0, COUNTIF(독서목록!$C$2:$C$1091, B5)) -> #NAME? | F5: =_xludf.IFS(COUNTIF(보류목록!$C$3:$C$1000, B5)>0, "-",COUNTIF(독서목록!$D$2:$D$1091, B5)=0, , COUNTIF(독서목록!$D$2:$D$1091, B5)>0, COUNTIF(독서목록!$D$2:$D$1091, B5)) -> #NAME? | G5: 2026.04.03
B6: 빛이 이끄는 곳으로 | C6: 백희성 | D6: 북로망스 | E6: =_xludf.IFS(COUNTIF(보류목록!$B$3:$B$1000, B6)>0, "-",COUNTIF(독서목록!$C$2:$C$1091, B6)=0, , COUNTIF(독서목록!$C$2:$C$1091, B6)>0, COUNTIF(독서목록!$C$2:$C$1091, B6)) -> #NAME? | F6: =_xludf.IFS(COUNTIF(보류목록!$C$3:$C$1000, B6)>0, "-",COUNTIF(독서목록!$D$2:$D$1091, B6)=0, , COUNTIF(독서목록!$D$2:$D$1091, B6)>0, COUNTIF(독서목록!$D$2:$D$1091, B6)) -> #NAME? | G6: 2026.04.03
B7: 킬리만조로의 눈 | C7: 어니스트 헤밍웨이 | D7: 문학동네 | E7: =_xludf.IFS(COUNTIF(보류목록!$B$3:$B$1000, B7)>0, "-",COUNTIF(독서목록!$C$2:$C$1091, B7)=0, , COUNTIF(독서목록!$C$2:$C$1091, B7)>0, COUNTIF(독서목록!$C$2:$C$1091, B7)) -> #NAME? | F7: =_xludf.IFS(COUNTIF(보류목록!$C$3:$C$1000, B7)>0, "-",COUNTIF(독서목록!$D$2:$D$1091, B7)=0, , COUNTIF(독서목록!$D$2:$D$1091, B7)>0, COUNTIF(독서목록!$D$2:$D$1091, B7)) -> #NAME? | G7: 2026.04.03
B8: 모순 | C8: 양귀자 | D8: 쓰다 | E8: =_xludf.IFS(COUNTIF(보류목록!$B$3:$B$1000, B8)>0, "-",COUNTIF(독서목록!$C$2:$C$1091, B8)=0, , COUNTIF(독서목록!$C$2:$C$1091, B8)>0, COUNTIF(독서목록!$C$2:$C$1091, B8)) -> #NAME? | F8: =_xludf.IFS(COUNTIF(보류목록!$C$3:$C$1000, B8)>0, "-",COUNTIF(독서목록!$D$2:$D$1091, B8)=0, , COUNTIF(독서목록!$D$2:$D$1091, B8)>0, COUNTIF(독서목록!$D$2:$D$1091, B8)) -> #NAME? | G8: 2026. 03.03
B9: 쓰는 사람 | C9: 백희성 | D9: 교보문고 | E9: =_xludf.IFS(COUNTIF(보류목록!$B$3:$B$1000, B9)>0, "-",COUNTIF(독서목록!$C$2:$C$1091, B9)=0, , COUNTIF(독서목록!$C$2:$C$1091, B9)>0, COUNTIF(독서목록!$C$2:$C$1091, B9)) -> #NAME? | F9: =_xludf.IFS(COUNTIF(보류목록!$C$3:$C$1000, B9)>0, "-",COUNTIF(독서목록!$D$2:$D$1091, B9)=0, , COUNTIF(독서목록!$D$2:$D$1091, B9)>0, COUNTIF(독서목록!$D$2:$D$1091, B9)) -> #NAME? | G9: 2026. 03.03
B10: 어떻게 지내요 | C10: 시그리드 누네즈 | D10: 엘리 | E10: =_xludf.IFS(COUNTIF(보류목록!$B$3:$B$1000, B10)>0, "-",COUNTIF(독서목록!$C$2:$C$1091, B10)=0, , COUNTIF(독서목록!$C$2:$C$1091, B10)>0, COUNTIF(독서목록!$C$2:$C$1091, B10)) -> #NAME? | F10: =_xludf.IFS(COUNTIF(보류목록!$C$3:$C$1000, B10)>0, "-",COUNTIF(독서목록!$D$2:$D$1091, B10)=0, , COUNTIF(독서목록!$D$2:$D$1091, B10)>0, COUNTIF(독서목록!$D$2:$D$1091, B10)) -> #NAME? | G10: 2026. 03.03
B11: 자기만의 방 | C11: 버지니아 울프 | D11: 열림책들 | E11: =_xludf.IFS(COUNTIF(보류목록!$B$3:$B$1000, B11)>0, "-",COUNTIF(독서목록!$C$2:$C$1091, B11)=0, , COUNTIF(독서목록!$C$2:$C$1091, B11)>0, COUNTIF(독서목록!$C$2:$C$1091, B11)) -> #NAME? | F11: =_xludf.IFS(COUNTIF(보류목록!$C$3:$C$1000, B11)>0, "-",COUNTIF(독서목록!$D$2:$D$1091, B11)=0, , COUNTIF(독서목록!$D$2:$D$1091, B11)>0, COUNTIF(독서목록!$D$2:$D$1091, B11)) -> #NAME? | G11: 2026. 03.03
B12: 괴테는 모든 것을 말했다 | C12: 스즈키 유이 | D12: 리프 | E12: =_xludf.IFS(COUNTIF(보류목록!$B$3:$B$1000, B12)>0, "-",COUNTIF(독서목록!$C$2:$C$1091, B12)=0, , COUNTIF(독서목록!$C$2:$C$1091, B12)>0, COUNTIF(독서목록!$C$2:$C$1091, B12)) -> #NAME? | F12: =_xludf.IFS(COUNTIF(보류목록!$C$3:$C$1000, B12)>0, "-",COUNTIF(독서목록!$D$2:$D$1091, B12)=0, , COUNTIF(독서목록!$D$2:$D$1091, B12)>0, COUNTIF(독서목록!$D$2:$D$1091, B12)) -> #NAME? | G12: 2026.02.02
B13: 안녕이라 그랬어 | C13: 김애란 | D13: 문학동네 | E13: =_xludf.IFS(COUNTIF(보류목록!$B$3:$B$1000, B13)>0, "-",COUNTIF(독서목록!$C$2:$C$1091, B13)=0, , COUNTIF(독서목록!$C$2:$C$1091, B13)>0, COUNTIF(독서목록!$C$2:$C$1091, B13)) -> #NAME? | F13: =_xludf.IFS(COUNTIF(보류목록!$C$3:$C$1000, B13)>0, "-",COUNTIF(독서목록!$D$2:$D$1091, B13)=0, , COUNTIF(독서목록!$D$2:$D$1091, B13)>0, COUNTIF(독서목록!$D$2:$D$1091, B13)) -> #NAME? | G13: 2026.02.02
B14: 편안함의 습 | C14: 마이클 이스터 | D14: 수오서재 | E14: =_xludf.IFS(COUNTIF(보류목록!$B$3:$B$1000, B14)>0, "-",COUNTIF(독서목록!$C$2:$C$1091, B14)=0, , COUNTIF(독서목록!$C$2:$C$1091, B14)>0, COUNTIF(독서목록!$C$2:$C$1091, B14)) -> #NAME? | F14: =_xludf.IFS(COUNTIF(보류목록!$C$3:$C$1000, B14)>0, "-",COUNTIF(독서목록!$D$2:$D$1091, B14)=0, , COUNTIF(독서목록!$D$2:$D$1091, B14)>0, COUNTIF(독서목록!$D$2:$D$1091, B14)) -> #NAME? | G14: 2026.02.02
B15: 넥서스 | C15: 유발 하라리 | D15: 김영사 | E15: =_xludf.IFS(COUNTIF(보류목록!$B$3:$B$1000, B15)>0, "-",COUNTIF(독서목록!$C$2:$C$1091, B15)=0, , COUNTIF(독서목록!$C$2:$C$1091, B15)>0, COUNTIF(독서목록!$C$2:$C$1091, B15)) -> #NAME? | F15: =_xludf.IFS(COUNTIF(보류목록!$C$3:$C$1000, B15)>0, "-",COUNTIF(독서목록!$D$2:$D$1091, B15)=0, , COUNTIF(독서목록!$D$2:$D$1091, B15)>0, COUNTIF(독서목록!$D$2:$D$1091, B15)) -> #NAME? | G15: 2026.01.05
... B25: 빌 캠벨, 실리콘밸리의 위대한 코치 | C25: 에릭 슈미트,조너선 로젠버그,앨런 이글 | D25: 김영사 | E25: =_xludf.IFS(COUNTIF(보류목록!$B$3:$B$1000, B25)>0, "-",COUNTIF(독서목록!$C$2:$C$1091, B25)=0, , COUNTIF(독서목록!$C$2:$C$1091, B25)>0, COUNTIF(독서목록!$C$2:$C$1091, B25)) -> #NAME? | F25: =_xludf.IFS(COUNTIF(보류목록!$C$3:$C$1000, B25)>0, "-",COUNTIF(독서목록!$D$2:$D$1091, B25)=0, , COUNTIF(독서목록!$D$2:$D$1091, B25)>0, COUNTIF(독서목록!$D$2:$D$1091, B25)) -> #NAME? | G25: 2025.10.10
B26: 100세 할머니 약국 | C26: 히루마 에이코 | D26: 월마 | E26: =_xludf.IFS(COUNTIF(보류목록!$B$3:$B$1000, B26)>0, "-",COUNTIF(독서목록!$C$2:$C$1091, B26)=0, , COUNTIF(독서목록!$C$2:$C$1091, B26)>0, COUNTIF(독서목록!$C$2:$C$1091, B26)) -> #NAME? | F26: =_xludf.IFS(COUNTIF(보류목록!$C$3:$C$1000, B26)>0, "-",COUNTIF(독서목록!$D$2:$D$1091, B26)=0, , COUNTIF(독서목록!$D$2:$D$1091, B26)>0, COUNTIF(독서목록!$D$2:$D$1091, B26)) -> #NAME? | G26: 2025.09.03 | H26: 기부 | I26: 25.12
B27: 우리가 빛의 속도로 갈 수 없다면 | C27: 김초엽 | D27: 허블 | E27: =_xludf.IFS(COUNTIF(보류목록!$B$3:$B$1000, B27)>0, "-",COUNTIF(독서목록!$C$2:$C$1091, B27)=0, , COUNTIF(독서목록!$C$2:$C$1091, B27)>0, COUNTIF(독서목록!$C$2:$C$1091, B27)) -> #NAME? | F27: =_xludf.IFS(COUNTIF(보류목록!$C$3:$C$1000, B27)>0, "-",COUNTIF(독서목록!$D$2:$D$1091, B27)=0, , COUNTIF(독서목록!$D$2:$D$1091, B27)>0, COUNTIF(독서목록!$D$2:$D$1091, B27)) -> #NAME? | G27: 2025.09.03 | H27: 기부 | I27: 25.12
B28: 팩트풀니스 | C28: 한스 로슬링 | D28: 김영사 | E28: =_xludf.IFS(COUNTIF(보류목록!$B$3:$B$1000, B28)>0, "-",COUNTIF(독서목록!$C$2:$C$1091, B28)=0, , COUNTIF(독서목록!$C$2:$C$1091, B28)>0, COUNTIF(독서목록!$C$2:$C$1091, B28)) -> #NAME? | F28: =_xludf.IFS(COUNTIF(보류목록!$C$3:$C$1000, B28)>0, "-",COUNTIF(독서목록!$D$2:$D$1091, B28)=0, , COUNTIF(독서목록!$D$2:$D$1091, B28)>0, COUNTIF(독서목록!$D$2:$D$1091, B28)) -> #NAME? | G28: 2025.09.03
B29: 투명사회 | C29: 한병철 | D29: 문학과지성사 | E29: =_xludf.IFS(COUNTIF(보류목록!$B$3:$B$1000, B29)>0, "-",COUNTIF(독서목록!$C$2:$C$1091, B29)=0, , COUNTIF(독서목록!$C$2:$C$1091, B29)>0, COUNTIF(독서목록!$C$2:$C$1091, B29)) -> #NAME? | F29: =_xludf.IFS(COUNTIF(보류목록!$C$3:$C$1000, B29)>0, "-",COUNTIF(독서목록!$D$2:$D$1091, B29)=0, , COUNTIF(독서목록!$D$2:$D$1091, B29)>0, COUNTIF(독서목록!$D$2:$D$1091, B29)) -> #NAME? | G29: 2025.08.07
B30: 우리는 어떻게 마음을 움직이는가 | C30: 크리스 보스,탈 라즈 | D30: 프롬북스 | E30: =_xludf.IFS(COUNTIF(보류목록!$B$3:$B$1000, B30)>0, "-",COUNTIF(독서목록!$C$2:$C$1091, B30)=0, , COUNTIF(독서목록!$C$2:$C$1091, B30)>0, COUNTIF(독서목록!$C$2:$C$1091, B30)) -> #NAME? | F30: =_xludf.IFS(COUNTIF(보류목록!$C$3:$C$1000, B30)>0, "-",COUNTIF(독서목록!$D$2:$D$1091, B30)=0, , COUNTIF(독서목록!$D$2:$D$1091, B30)>0, COUNTIF(독서목록!$D$2:$D$1091, B30)) -> #NAME? | G30: 2025.08.07
B31: 그거 사전 | C31: 홍성윤 | D31: 인플루엔셜 | E31: =_xludf.IFS(COUNTIF(보류목록!$B$3:$B$1000, B31)>0, "-",COUNTIF(독서목록!$C$2:$C$1091, B31)=0, , COUNTIF(독서목록!$C$2:$C$1091, B31)>0, COUNTIF(독서목록!$C$2:$C$1091, B31)) -> #NAME? | F31: =_xludf.IFS(COUNTIF(보류목록!$C$3:$C$1000, B31)>0, "-",COUNTIF(독서목록!$D$2:$D$1091, B31)=0, , COUNTIF(독서목록!$D$2:$D$1091, B31)>0, COUNTIF(독서목록!$D$2:$D$1091, B31)) -> #NAME? | G31: 2025.07.07
B32: 싱크 어게인 | C32: 애덤 그랜트 | D32: 한국경제신문 | E32: =_xludf.IFS(COUNTIF(보류목록!$B$3:$B$1000, B32)>0, "-",COUNTIF(독서목록!$C$2:$C$1091, B32)=0, , COUNTIF(독서목록!$C$2:$C$1091, B32)>0, COUNTIF(독서목록!$C$2:$C$1091, B32)) -> #NAME? | F32: =_xludf.IFS(COUNTIF(보류목록!$C$3:$C$1000, B32)>0, "-",COUNTIF(독서목록!$D$2:$D$1091, B32)=0, , COUNTIF(독서목록!$D$2:$D$1091, B32)>0, COUNTIF(독서목록!$D$2:$D$1091, B32)) -> #NAME? | G32: 2025.07.07
B33: 일의 감각 | C33: 조수용 | D33: B Media Company | E33: =_xludf.IFS(COUNTIF(보류목록!$B$3:$B$1000, B33)>0, "-",COUNTIF(독서목록!$C$2:$C$1091, B33)=0, , COUNTIF(독서목록!$C$2:$C$1091, B33)>0, COUNTIF(독서목록!$C$2:$C$1091, B33)) -> #NAME? | F33: =_xludf.IFS(COUNTIF(보류목록!$C$3:$C$1000, B33)>0, "-",COUNTIF(독서목록!$D$2:$D$1091, B33)=0, , COUNTIF(독서목록!$D$2:$D$1091, B33)>0, COUNTIF(독서목록!$D$2:$D$1091, B33)) -> #NAME? | G33: 2025.07.07
B34: 맡겨진 소녀 | C34: 클레어 키건 | D34: 다산책방 | E34: =_xludf.IFS(COUNTIF(보류목록!$B$3:$B$1000, B34)>0, "-",COUNTIF(독서목록!$C$2:$C$1091, B34)=0, , COUNTIF(독서목록!$C$2:$C$1091, B34)>0, COUNTIF(독서목록!$C$2:$C$1091, B34)) -> #NAME? | F34: =_xludf.IFS(COUNTIF(보류목록!$C$3:$C$1000, B34)>0, "-",COUNTIF(독서목록!$D$2:$D$1091, B34)=0, , COUNTIF(독서목록!$D$2:$D$1091, B34)>0, COUNTIF(독서목록!$D$2:$D$1091, B34)) -> #NAME? | G34: 2025.05.08
B35: 예술 도둑 | C35: 마이클 핀클 | D35: 생각의힘 | E35: =_xludf.IFS(COUNTIF(보류목록!$B$3:$B$1000, B35)>0, "-",COUNTIF(독서목록!$C$2:$C$1091, B35)=0, , COUNTIF(독서목록!$C$2:$C$1091, B35)>0, COUNTIF(독서목록!$C$2:$C$1091, B35)) -> #NAME? | F35: =_xludf.IFS(COUNTIF(보류목록!$C$3:$C$1000, B35)>0, "-",COUNTIF(독서목록!$D$2:$D$1091, B35)=0, , COUNTIF(독서목록!$D$2:$D$1091, B35)>0, COUNTIF(독서목록!$D$2:$D$1091, B35)) -> #NAME? | G35: 2025.05.08
B36: 팀워크의 부활 | C36: 페트릭 렌시오니 | D36: 위즈덤하우스 | E36: =_xludf.IFS(COUNTIF(보류목록!$B$3:$B$1000, B36)>0, "-",COUNTIF(독서목록!$C$2:$C$1091, B36)=0, , COUNTIF(독서목록!$C$2:$C$1091, B36)>0, COUNTIF(독서목록!$C$2:$C$1091, B36)) -> #NAME? | F36: =_xludf.IFS(COUNTIF(보류목록!$C$3:$C$1000, B36)>0, "-",COUNTIF(독서목록!$D$2:$D$1091, B36)=0, , COUNTIF(독서목록!$D$2:$D$1091, B36)>0, COUNTIF(독서목록!$D$2:$D$1091, B36)) -> #NAME? | G36: 2025.05.08
B37: 단어가 품은 세계 | C37: 황선엽 | D37: 빛의서가 | E37: =_xludf.IFS(COUNTIF(보류목록!$B$3:$B$1000, B37)>0, "-",COUNTIF(독서목록!$C$2:$C$1091, B37)=0, , COUNTIF(독서목록!$C$2:$C$1091, B37)>0, COUNTIF(독서목록!$C$2:$C$1091, B37)) -> #NAME? | F37: =_xludf.IFS(COUNTIF(보류목록!$C$3:$C$1000, B37)>0, "-",COUNTIF(독서목록!$D$2:$D$1091, B37)=0, , COUNTIF(독서목록!$D$2:$D$1091, B37)>0, COUNTIF(독서목록!$D$2:$D$1091, B37)) -> #NAME? | G37: 2025.03.07 | H37: 기부 | I37: 25.12
B38: 데미안(오리지널 초판본 디자인) | C38: 헤르만 헤세 | D38: 코너스톤 | E38: =_xludf.IFS(COUNTIF(보류목록!$B$3:$B$1000, B38)>0, "-",COUNTIF(독서목록!$C$2:$C$1091, B38)=0, , COUNTIF(독서목록!$C$2:$C$1091, B38)>0, COUNTIF(독서목록!$C$2:$C$1091, B38)) -> #NAME? | F38: =_xludf.IFS(COUNTIF(보류목록!$C$3:$C$1000, B38)>0, "-",COUNTIF(독서목록!$D$2:$D$1091, B38)=0, , COUNTIF(독서목록!$D$2:$D$1091, B38)>0, COUNTIF(독서목록!$D$2:$D$1091, B38)) -> #NAME? | G38: 2025.03.07
B39: 무기력이 무기력해지도록 | C39: 한창수 | D39: 알에이치코리아 | E39: =_xludf.IFS(COUNTIF(보류목록!$B$3:$B$1000, B39)>0, "-",COUNTIF(독서목록!$C$2:$C$1091, B39)=0, , COUNTIF(독서목록!$C$2:$C$1091, B39)>0, COUNTIF(독서목록!$C$2:$C$1091, B39)) -> #NAME? | F39: =_xludf.IFS(COUNTIF(보류목록!$C$3:$C$1000, B39)>0, "-",COUNTIF(독서목록!$D$2:$D$1091, B39)=0, , COUNTIF(독서목록!$D$2:$D$1091, B39)>0, COUNTIF(독서목록!$D$2:$D$1091, B39)) -> #NAME? | G39: 2025.03.07
B40: 불안 - 개정판 | C40: 알랭드 보통 | D40: 은행나무 | E40: =_xludf.IFS(COUNTIF(보류목록!$B$3:$B$1000, B40)>0, "-",COUNTIF(독서목록!$C$2:$C$1091, B40)=0, , COUNTIF(독서목록!$C$2:$C$1091, B40)>0, COUNTIF(독서목록!$C$2:$C$1091, B40)) -> #NAME? | F40: =_xludf.IFS(COUNTIF(보류목록!$C$3:$C$1000, B40)>0, "-",COUNTIF(독서목록!$D$2:$D$1091, B40)=0, , COUNTIF(독서목록!$D$2:$D$1091, B40)>0, COUNTIF(독서목록!$D$2:$D$1091, B40)) -> #NAME? | G40: 2025.03.07
B41: 초역 부처의 말 | C41: 코이케 류노스케 | D41: 포레스트북스 | E41: =_xludf.IFS(COUNTIF(보류목록!$B$3:$B$1000, B41)>0, "-",COUNTIF(독서목록!$C$2:$C$1091, B41)=0, , COUNTIF(독서목록!$C$2:$C$1091, B41)>0, COUNTIF(독서목록!$C$2:$C$1091, B41)) -> #NAME? | F41: =_xludf.IFS(COUNTIF(보류목록!$C$3:$C$1000, B41)>0, "-",COUNTIF(독서목록!$D$2:$D$1091, B41)=0, , COUNTIF(독서목록!$D$2:$D$1091, B41)>0, COUNTIF(독서목록!$D$2:$D$1091, B41)) -> #NAME? | G41: 2025.02.06
B42: THICK data | C42: 백영재 | D42: 테라코타 | E42: =_xludf.IFS(COUNTIF(보류목록!$B$3:$B$1000, B42)>0, "-",COUNTIF(독서목록!$C$2:$C$1091, B42)=0, , COUNTIF(독서목록!$C$2:$C$1091, B42)>0, COUNTIF(독서목록!$C$2:$C$1091, B42)) -> #NAME? | F42: =_xludf.IFS(COUNTIF(보류목록!$C$3:$C$1000, B42)>0, "-",COUNTIF(독서목록!$D$2:$D$1091, B42)=0, , COUNTIF(독서목록!$D$2:$D$1091, B42)>0, COUNTIF(독서목록!$D$2:$D$1091, B42)) -> #NAME? | G42: 2025.01.07
B43: 새들이 남쪽으로 가는 날 | C43: 리사 리드센 | D43: 북파머스 | E43: =_xludf.IFS(COUNTIF(보류목록!$B$3:$B$1000, B43)>0, "-",COUNTIF(독서목록!$C$2:$C$1091, B43)=0, , COUNTIF(독서목록!$C$2:$C$1091, B43)>0, COUNTIF(독서목록!$C$2:$C$1091, B43)) -> #NAME? | F43: =_xludf.IFS(COUNTIF(보류목록!$C$3:$C$1000, B43)>0, "-",COUNTIF(독서목록!$D$2:$D$1091, B43)=0, , COUNTIF(독서목록!$D$2:$D$1091, B43)>0, COUNTIF(독서목록!$D$2:$D$1091, B43)) -> #NAME? | G43: 2025.01.07
B44: 희랍어 시간 | C44: 한강 | D44: 문학동네 | E44: =_xludf.IFS(COUNTIF(보류목록!$B$3:$B$1000, B44)>0, "-",COUNTIF(독서목록!$C$2:$C$1091, B44)=0, , COUNTIF(독서목록!$C$2:$C$1091, B44)>0, COUNTIF(독서목록!$C$2:$C$1091, B44)) -> #NAME? | F44: =_xludf.IFS(COUNTIF(보류목록!$C$3:$C$1000, B44)>0, "-",COUNTIF(독서목록!$D$2:$D$1091, B44)=0, , COUNTIF(독서목록!$D$2:$D$1091, B44)>0, COUNTIF(독서목록!$D$2:$D$1091, B44)) -> #NAME? | G44: 2024.12.02
B45: 마음의 기술 | C45: 안 엘렌 클레르, 뱅상 트리부 | D45: 상상스퀘어 | E45: =_xludf.IFS(COUNTIF(보류목록!$B$3:$B$1000, B45)>0, "-",COUNTIF(독서목록!$C$2:$C$1091, B45)=0, , COUNTIF(독서목록!$C$2:$C$1091, B45)>0, COUNTIF(독서목록!$C$2:$C$1091, B45)) -> #NAME? | F45: =_xludf.IFS(COUNTIF(보류목록!$C$3:$C$1000, B45)>0, "-",COUNTIF(독서목록!$D$2:$D$1091, B45)=0, , COUNTIF(독서목록!$D$2:$D$1091, B45)>0, COUNTIF(독서목록!$D$2:$D$1091, B45)) -> #NAME? | G45: 2024.12.02
B46: 소년이 온다 | C46: 한강 | D46: 창비 | E46: =_xludf.IFS(COUNTIF(보류목록!$B$3:$B$1000, B46)>0, "-",COUNTIF(독서목록!$C$2:$C$1091, B46)=0, , COUNTIF(독서목록!$C$2:$C$1091, B46)>0, COUNTIF(독서목록!$C$2:$C$1091, B46)) -> #NAME? | F46: =_xludf.IFS(COUNTIF(보류목록!$C$3:$C$1000, B46)>0, "-",COUNTIF(독서목록!$D$2:$D$1091, B46)=0, , COUNTIF(독서목록!$D$2:$D$1091, B46)>0, COUNTIF(독서목록!$D$2:$D$1091, B46)) -> #NAME? | G46: 2024.11.06
B47: 작별하지 않는다 | C47: 한강 | D47: 문학동네 | E47: =_xludf.IFS(COUNTIF(보류목록!$B$3:$B$1000, B47)>0, "-",COUNTIF(독서목록!$C$2:$C$1091, B47)=0, , COUNTIF(독서목록!$C$2:$C$1091, B47)>0, COUNTIF(독서목록!$C$2:$C$1091, B47)) -> #NAME? | F47: =_xludf.IFS(COUNTIF(보류목록!$C$3:$C$1000, B47)>0, "-",COUNTIF(독서목록!$D$2:$D$1091, B47)=0, , COUNTIF(독서목록!$D$2:$D$1091, B47)>0, COUNTIF(독서목록!$D$2:$D$1091, B47)) -> #NAME? | G47: 2024.11.06
B48: 채식주의자 | C48: 한강 | D48: 창비 | E48: =_xludf.IFS(COUNTIF(보류목록!$B$3:$B$1000, B48)>0, "-",COUNTIF(독서목록!$C$2:$C$1091, B48)=0, , COUNTIF(독서목록!$C$2:$C$1091, B48)>0, COUNTIF(독서목록!$C$2:$C$1091, B48)) -> #NAME? | F48: =_xludf.IFS(COUNTIF(보류목록!$C$3:$C$1000, B48)>0, "-",COUNTIF(독서목록!$D$2:$D$1091, B48)=0, , COUNTIF(독서목록!$D$2:$D$1091, B48)>0, COUNTIF(독서목록!$D$2:$D$1091, B48)) -> #NAME? | G48: 2024.11.06
B49: 흰 | C49: 한강 | D49: 문학동네 | E49: =_xludf.IFS(COUNTIF(보류목록!$B$3:$B$1000, B49)>0, "-",COUNTIF(독서목록!$C$2:$C$1091, B49)=0, , COUNTIF(독서목록!$C$2:$C$1091, B49)>0, COUNTIF(독서목록!$C$2:$C$1091, B49)) -> #NAME? | F49: =_xludf.IFS(COUNTIF(보류목록!$C$3:$C$1000, B49)>0, "-",COUNTIF(독서목록!$D$2:$D$1091, B49)=0, , COUNTIF(독서목록!$D$2:$D$1091, B49)>0, COUNTIF(독서목록!$D$2:$D$1091, B49)) -> #NAME? | G49: 2024.11.06
B50: 면도날 | C50: 서머싯 몸 | D50: 민음사 | E50: =_xludf.IFS(COUNTIF(보류목록!$B$3:$B$1000, B50)>0, "-",COUNTIF(독서목록!$C$2:$C$1091, B50)=0, , COUNTIF(독서목록!$C$2:$C$1091, B50)>0, COUNTIF(독서목록!$C$2:$C$1091, B50)) -> #NAME? | F50: =_xludf.IFS(COUNTIF(보류목록!$C$3:$C$1000, B50)>0, "-",COUNTIF(독서목록!$D$2:$D$1091, B50)=0, , COUNTIF(독서목록!$D$2:$D$1091, B50)>0, COUNTIF(독서목록!$D$2:$D$1091, B50)) -> #NAME? | G50: 2024.10.11
B51: 피구왕 서영 | C51: 황유미 | D51: 빌리버튼 | E51: =_xludf.IFS(COUNTIF(보류목록!$B$3:$B$1000, B51)>0, "-",COUNTIF(독서목록!$C$2:$C$1091, B51)=0, , COUNTIF(독서목록!$C$2:$C$1091, B51)>0, COUNTIF(독서목록!$C$2:$C$1091, B51)) -> #NAME? | F51: =_xludf.IFS(COUNTIF(보류목록!$C$3:$C$1000, B51)>0, "-",COUNTIF(독서목록!$D$2:$D$1091, B51)=0, , COUNTIF(독서목록!$D$2:$D$1091, B51)>0, COUNTIF(독서목록!$D$2:$D$1091, B51)) -> #NAME? | G51: 2024.09.18 | H51: 기부 | I51: 25.12
B52: 누구나 킥이 필요한 순간이 있다 | C52: 도제희 | D52: 위즈뎀하우스 | E52: =_xludf.IFS(COUNTIF(보류목록!$B$3:$B$1000, B52)>0, "-",COUNTIF(독서목록!$C$2:$C$1091, B52)=0, , COUNTIF(독서목록!$C$2:$C$1091, B52)>0, COUNTIF(독서목록!$C$2:$C$1091, B52)) -> #NAME? | F52: =_xludf.IFS(COUNTIF(보류목록!$C$3:$C$1000, B52)>0, "-",COUNTIF(독서목록!$D$2:$D$1091, B52)=0, , COUNTIF(독서목록!$D$2:$D$1091, B52)>0, COUNTIF(독서목록!$D$2:$D$1091, B52)) -> #NAME? | G52: 2024.09.18 | H52: 기부 | I52: 25.12
B53: 푸른 들판을 걷다 | C53: 클래어 키건 | D53: 다산책방 | E53: =_xludf.IFS(COUNTIF(보류목록!$B$3:$B$1000, B53)>0, "-",COUNTIF(독서목록!$C$2:$C$1091, B53)=0, , COUNTIF(독서목록!$C$2:$C$1091, B53)>0, COUNTIF(독서목록!$C$2:$C$1091, B53)) -> #NAME? | F53: =_xludf.IFS(COUNTIF(보류목록!$C$3:$C$1000, B53)>0, "-",COUNTIF(독서목록!$D$2:$D$1091, B53)=0, , COUNTIF(독서목록!$D$2:$D$1091, B53)>0, COUNTIF(독서목록!$D$2:$D$1091, B53)) -> #NAME? | G53: 2024.09.09
B54: 프랭클린 익스프레스 | C54: 에릭 와이너 | D54: 어크로스 | E54: =_xludf.IFS(COUNTIF(보류목록!$B$3:$B$1000, B54)>0, "-",COUNTIF(독서목록!$C$2:$C$1091, B54)=0, , COUNTIF(독서목록!$C$2:$C$1091, B54)>0, COUNTIF(독서목록!$C$2:$C$1091, B54)) -> #NAME? | F54: =_xludf.IFS(COUNTIF(보류목록!$C$3:$C$1000, B54)>0, "-",COUNTIF(독서목록!$D$2:$D$1091, B54)=0, , COUNTIF(독서목록!$D$2:$D$1091, B54)>0, COUNTIF(독서목록!$D$2:$D$1091, B54)) -> #NAME? | G54: 2024.09.09
B55: 하늘과 땅 식료품점 | C55: 제임스 맥브라이드 | D55: 미래지향 | E55: =_xludf.IFS(COUNTIF(보류목록!$B$3:$B$1000, B55)>0, "-",COUNTIF(독서목록!$C$2:$C$1091, B55)=0, , COUNTIF(독서목록!$C$2:$C$1091, B55)>0, COUNTIF(독서목록!$C$2:$C$1091, B55)) -> #NAME? | F55: =_xludf.IFS(COUNTIF(보류목록!$C$3:$C$1000, B55)>0, "-",COUNTIF(독서목록!$D$2:$D$1091, B55)=0, , COUNTIF(독서목록!$D$2:$D$1091, B55)>0, COUNTIF(독서목록!$D$2:$D$1091, B55)) -> #NAME? | G55: 2024.09.09
B56: 감정의 이해 | C56: 엠마 햅번 | D56: 포레스트북스 | E56: =_xludf.IFS(COUNTIF(보류목록!$B$3:$B$1000, B56)>0, "-",COUNTIF(독서목록!$C$2:$C$1091, B56)=0, , COUNTIF(독서목록!$C$2:$C$1091, B56)>0, COUNTIF(독서목록!$C$2:$C$1091, B56)) -> #NAME? | F56: =_xludf.IFS(COUNTIF(보류목록!$C$3:$C$1000, B56)>0, "-",COUNTIF(독서목록!$D$2:$D$1091, B56)=0, , COUNTIF(독서목록!$D$2:$D$1091, B56)>0, COUNTIF(독서목록!$D$2:$D$1091, B56)) -> #NAME? | G56: 2024.08.13
B57: 비 그친 오후의 헌책방 | C57: 아가사와 사토시 | D57: 다산책방 | E57: =_xludf.IFS(COUNTIF(보류목록!$B$3:$B$1000, B57)>0, "-",COUNTIF(독서목록!$C$2:$C$1091, B57)=0, , COUNTIF(독서목록!$C$2:$C$1091, B57)>0, COUNTIF(독서목록!$C$2:$C$1091, B57)) -> #NAME? | F57: =_xludf.IFS(COUNTIF(보류목록!$C$3:$C$1000, B57)>0, "-",COUNTIF(독서목록!$D$2:$D$1091, B57)=0, , COUNTIF(독서목록!$D$2:$D$1091, B57)>0, COUNTIF(독서목록!$D$2:$D$1091, B57)) -> #NAME? | G57: 2024.08.13 | H57: 기부 | I57: 25.12
B58: 저속노화 식사법 | C58: 정희원 | D58: 테이스트북스 | E58: =_xludf.IFS(COUNTIF(보류목록!$B$3:$B$1000, B58)>0, "-",COUNTIF(독서목록!$C$2:$C$1091, B58)=0, , COUNTIF(독서목록!$C$2:$C$1091, B58)>0, COUNTIF(독서목록!$C$2:$C$1091, B58)) -> #NAME? | F58: =_xludf.IFS(COUNTIF(보류목록!$C$3:$C$1000, B58)>0, "-",COUNTIF(독서목록!$D$2:$D$1091, B58)=0, , COUNTIF(독서목록!$D$2:$D$1091, B58)>0, COUNTIF(독서목록!$D$2:$D$1091, B58)) -> #NAME? | G58: 2024.08.13
B59: 채링크로스 84번지 | C59: 헬렌 한프 | D59: 궁리 | E59: =_xludf.IFS(COUNTIF(보류목록!$B$3:$B$1000, B59)>0, "-",COUNTIF(독서목록!$C$2:$C$1091, B59)=0, , COUNTIF(독서목록!$C$2:$C$1091, B59)>0, COUNTIF(독서목록!$C$2:$C$1091, B59)) -> #NAME? | F59: =_xludf.IFS(COUNTIF(보류목록!$C$3:$C$1000, B59)>0, "-",COUNTIF(독서목록!$D$2:$D$1091, B59)=0, , COUNTIF(독서목록!$D$2:$D$1091, B59)>0, COUNTIF(독서목록!$D$2:$D$1091, B59)) -> #NAME? | G59: 2024.08.13 | H59: 기부 | I59: 25.12
B60: 글렌 굴드, 피아노 솔로 | C60: 미셀 슈나이더 | D60: 동문선 | E60: =_xludf.IFS(COUNTIF(보류목록!$B$3:$B$1000, B60)>0, "-",COUNTIF(독서목록!$C$2:$C$1091, B60)=0, , COUNTIF(독서목록!$C$2:$C$1091, B60)>0, COUNTIF(독서목록!$C$2:$C$1091, B60)) -> #NAME? | F60: =_xludf.IFS(COUNTIF(보류목록!$C$3:$C$1000, B60)>0, "-",COUNTIF(독서목록!$D$2:$D$1091, B60)=0, , COUNTIF(독서목록!$D$2:$D$1091, B60)>0, COUNTIF(독서목록!$D$2:$D$1091, B60)) -> #NAME? | G60: 2024.07.04
B61: 아직도 악어와 악어새 이야기를 믿어? | C61: 이하늬 | D61: 스테이블 | E61: =_xludf.IFS(COUNTIF(보류목록!$B$3:$B$1000, B61)>0, "-",COUNTIF(독서목록!$C$2:$C$1091, B61)=0, , COUNTIF(독서목록!$C$2:$C$1091, B61)>0, COUNTIF(독서목록!$C$2:$C$1091, B61)) -> #NAME? | F61: =_xludf.IFS(COUNTIF(보류목록!$C$3:$C$1000, B61)>0, "-",COUNTIF(독서목록!$D$2:$D$1091, B61)=0, , COUNTIF(독서목록!$D$2:$D$1091, B61)>0, COUNTIF(독서목록!$D$2:$D$1091, B61)) -> #NAME? | G61: 2024.07.04 | H61: 기부 | I61: 25.12
B62: 녹나무의 여신 | C62: 히가시노 게이고 | D62: 소미미디어 | E62: =_xludf.IFS(COUNTIF(보류목록!$B$3:$B$1000, B62)>0, "-",COUNTIF(독서목록!$C$2:$C$1091, B62)=0, , COUNTIF(독서목록!$C$2:$C$1091, B62)>0, COUNTIF(독서목록!$C$2:$C$1091, B62)) -> #NAME? | F62: =_xludf.IFS(COUNTIF(보류목록!$C$3:$C$1000, B62)>0, "-",COUNTIF(독서목록!$D$2:$D$1091, B62)=0, , COUNTIF(독서목록!$D$2:$D$1091, B62)>0, COUNTIF(독서목록!$D$2:$D$1091, B62)) -> #NAME? | G62: 2024.06.04
B63: 평가보다 피드백 | C63: 백종화 | D63: 중앙북스 | E63: =_xludf.IFS(COUNTIF(보류목록!$B$3:$B$1000, B63)>0, "-",COUNTIF(독서목록!$C$2:$C$1091, B63)=0, , COUNTIF(독서목록!$C$2:$C$1091, B63)>0, COUNTIF(독서목록!$C$2:$C$1091, B63)) -> #NAME? | F63: =_xludf.IFS(COUNTIF(보류목록!$C$3:$C$1000, B63)>0, "-",COUNTIF(독서목록!$D$2:$D$1091, B63)=0, , COUNTIF(독서목록!$D$2:$D$1091, B63)>0, COUNTIF(독서목록!$D$2:$D$1091, B63)) -> #NAME? | G63: 2024.06.04
B64: 맛있게, 저염식 | C64: 윤세경 | D64: 아퍼블리싱 | E64: =_xludf.IFS(COUNTIF(보류목록!$B$3:$B$1000, B64)>0, "-",COUNTIF(독서목록!$C$2:$C$1091, B64)=0, , COUNTIF(독서목록!$C$2:$C$1091, B64)>0, COUNTIF(독서목록!$C$2:$C$1091, B64)) -> #NAME? | F64: =_xludf.IFS(COUNTIF(보류목록!$C$3:$C$1000, B64)>0, "-",COUNTIF(독서목록!$D$2:$D$1091, B64)=0, , COUNTIF(독서목록!$D$2:$D$1091, B64)>0, COUNTIF(독서목록!$D$2:$D$1091, B64)) -> #NAME? | G64: 2024.06.04
B65: 그랜드 부다페스트 호텔 | C65: 웨스 앤더슨 | D65: 윌북 | E65: =_xludf.IFS(COUNTIF(보류목록!$B$3:$B$1000, B65)>0, "-",COUNTIF(독서목록!$C$2:$C$1091, B65)=0, , COUNTIF(독서목록!$C$2:$C$1091, B65)>0, COUNTIF(독서목록!$C$2:$C$1091, B65)) -> #NAME? | F65: =_xludf.IFS(COUNTIF(보류목록!$C$3:$C$1000, B65)>0, "-",COUNTIF(독서목록!$D$2:$D$1091, B65)=0, , COUNTIF(독서목록!$D$2:$D$1091, B65)>0, COUNTIF(독서목록!$D$2:$D$1091, B65)) -> #NAME? | G65: 2024.05.11
B66: 아웃라이어 | C66: 말콤 글래드웰 | D66: 김영사 | E66: =_xludf.IFS(COUNTIF(보류목록!$B$3:$B$1000, B66)>0, "-",COUNTIF(독서목록!$C$2:$C$1091, B66)=0, , COUNTIF(독서목록!$C$2:$C$1091, B66)>0, COUNTIF(독서목록!$C$2:$C$1091, B66)) -> #NAME? | F66: =_xludf.IFS(COUNTIF(보류목록!$C$3:$C$1000, B66)>0, "-",COUNTIF(독서목록!$D$2:$D$1091, B66)=0, , COUNTIF(독서목록!$D$2:$D$1091, B66)>0, COUNTIF(독서목록!$D$2:$D$1091, B66)) -> #NAME? | G66: 2024.05.11
B67: 나를 부르는 숲 | C67: 빌 브라이슨 | D67: 까치 | E67: =_xludf.IFS(COUNTIF(보류목록!$B$3:$B$1000, B67)>0, "-",COUNTIF(독서목록!$C$2:$C$1091, B67)=0, , COUNTIF(독서목록!$C$2:$C$1091, B67)>0, COUNTIF(독서목록!$C$2:$C$1091, B67)) -> #NAME? | F67: =_xludf.IFS(COUNTIF(보류목록!$C$3:$C$1000, B67)>0, "-",COUNTIF(독서목록!$D$2:$D$1091, B67)=0, , COUNTIF(독서목록!$D$2:$D$1091, B67)>0, COUNTIF(독서목록!$D$2:$D$1091, B67)) -> #NAME? | G67: 2024.03.04 | H67: 기부 | I67: 25.12
B68: 죽음의 수용소에서 | C68: 빅터 프랭클 | D68: 청아출판사 | E68: =_xludf.IFS(COUNTIF(보류목록!$B$3:$B$1000, B68)>0, "-",COUNTIF(독서목록!$C$2:$C$1091, B68)=0, , COUNTIF(독서목록!$C$2:$C$1091, B68)>0, COUNTIF(독서목록!$C$2:$C$1091, B68)) -> #NAME? | F68: =_xludf.IFS(COUNTIF(보류목록!$C$3:$C$1000, B68)>0, "-",COUNTIF(독서목록!$D$2:$D$1091, B68)=0, , COUNTIF(독서목록!$D$2:$D$1091, B68)>0, COUNTIF(독서목록!$D$2:$D$1091, B68)) -> #NAME? | G68: 2024.03.04 | H68: 기부 | I68: 25.12
B69: 그냥 하지 말라 | C69: 송길영 | D69: 북스톤 | E69: =_xludf.IFS(COUNTIF(보류목록!$B$3:$B$1000, B69)>0, "-",COUNTIF(독서목록!$C$2:$C$1091, B69)=0, , COUNTIF(독서목록!$C$2:$C$1091, B69)>0, COUNTIF(독서목록!$C$2:$C$1091, B69)) -> #NAME? | F69: =_xludf.IFS(COUNTIF(보류목록!$C$3:$C$1000, B69)>0, "-",COUNTIF(독서목록!$D$2:$D$1091, B69)=0, , COUNTIF(독서목록!$D$2:$D$1091, B69)>0, COUNTIF(독서목록!$D$2:$D$1091, B69)) -> #NAME? | G69: 2024.03.04
B70: 쏟아지는 일 완벽하게 해내는 법 | C70: 데이비드 앨런 | D70: 김영사 | E70: =_xludf.IFS(COUNTIF(보류목록!$B$3:$B$1000, B70)>0, "-",COUNTIF(독서목록!$C$2:$C$1091, B70)=0, , COUNTIF(독서목록!$C$2:$C$1091, B70)>0, COUNTIF(독서목록!$C$2:$C$1091, B70)) -> #NAME? | F70: =_xludf.IFS(COUNTIF(보류목록!$C$3:$C$1000, B70)>0, "-",COUNTIF(독서목록!$D$2:$D$1091, B70)=0, , COUNTIF(독서목록!$D$2:$D$1091, B70)>0, COUNTIF(독서목록!$D$2:$D$1091, B70)) -> #NAME? | G70: 2024.03.04
B71: 딥 워크 | C71: 칼 뉴포트 | D71: 민음사 | E71: =_xludf.IFS(COUNTIF(보류목록!$B$3:$B$1000, B71)>0, "-",COUNTIF(독서목록!$C$2:$C$1091, B71)=0, , COUNTIF(독서목록!$C$2:$C$1091, B71)>0, COUNTIF(독서목록!$C$2:$C$1091, B71)) -> #NAME? | F71: =_xludf.IFS(COUNTIF(보류목록!$C$3:$C$1000, B71)>0, "-",COUNTIF(독서목록!$D$2:$D$1091, B71)=0, , COUNTIF(독서목록!$D$2:$D$1091, B71)>0, COUNTIF(독서목록!$D$2:$D$1091, B71)) -> #NAME? | G71: 2024.02.16
B72: 멋진 신세계 | C72: 올더스 헉슬리 | D72: 소담출판사 | E72: =_xludf.IFS(COUNTIF(보류목록!$B$3:$B$1000, B72)>0, "-",COUNTIF(독서목록!$C$2:$C$1091, B72)=0, , COUNTIF(독서목록!$C$2:$C$1091, B72)>0, COUNTIF(독서목록!$C$2:$C$1091, B72)) -> #NAME? | F72: =_xludf.IFS(COUNTIF(보류목록!$C$3:$C$1000, B72)>0, "-",COUNTIF(독서목록!$D$2:$D$1091, B72)=0, , COUNTIF(독서목록!$D$2:$D$1091, B72)>0, COUNTIF(독서목록!$D$2:$D$1091, B72)) -> #NAME? | G72: 2024.02.16 | H72: 기부 | I72: 25.12
B73: 당신이 생각하는 모든 것을 믿지 말라 | C73: 조세프 응우엔 | D73: 십독 | E73: =_xludf.IFS(COUNTIF(보류목록!$B$3:$B$1000, B73)>0, "-",COUNTIF(독서목록!$C$2:$C$1091, B73)=0, , COUNTIF(독서목록!$C$2:$C$1091, B73)>0, COUNTIF(독서목록!$C$2:$C$1091, B73)) -> #NAME? | F73: =_xludf.IFS(COUNTIF(보류목록!$C$3:$C$1000, B73)>0, "-",COUNTIF(독서목록!$D$2:$D$1091, B73)=0, , COUNTIF(독서목록!$D$2:$D$1091, B73)>0, COUNTIF(독서목록!$D$2:$D$1091, B73)) -> #NAME? | G73: 2024.02.16
B74: 이처럼 사소한 것들 | C74: 클레어 키건 | D74: 다산북스 | E74: =_xludf.IFS(COUNTIF(보류목록!$B$3:$B$1000, B74)>0, "-",COUNTIF(독서목록!$C$2:$C$1091, B74)=0, , COUNTIF(독서목록!$C$2:$C$1091, B74)>0, COUNTIF(독서목록!$C$2:$C$1091, B74)) -> #NAME? | F74: =_xludf.IFS(COUNTIF(보류목록!$C$3:$C$1000, B74)>0, "-",COUNTIF(독서목록!$D$2:$D$1091, B74)=0, , COUNTIF(독서목록!$D$2:$D$1091, B74)>0, COUNTIF(독서목록!$D$2:$D$1091, B74)) -> #NAME? | G74: 2024.02.16
B75: 불안의 서 | C75: 페르난두 페소아 | D75: 봄날의 책 | E75: =_xludf.IFS(COUNTIF(보류목록!$B$3:$B$1000, B75)>0, "-",COUNTIF(독서목록!$C$2:$C$1091, B75)=0, , COUNTIF(독서목록!$C$2:$C$1091, B75)>0, COUNTIF(독서목록!$C$2:$C$1091, B75)) -> #NAME? | F75: =_xludf.IFS(COUNTIF(보류목록!$C$3:$C$1000, B75)>0, "-",COUNTIF(독서목록!$D$2:$D$1091, B75)=0, , COUNTIF(독서목록!$D$2:$D$1091, B75)>0, COUNTIF(독서목록!$D$2:$D$1091, B75)) -> #NAME? | G75: 2024.01.05
B76: 칼 로저스의 사람-중심 상담 | C76: 칼 로저스 | D76: 학지사 | E76: =_xludf.IFS(COUNTIF(보류목록!$B$3:$B$1000, B76)>0, "-",COUNTIF(독서목록!$C$2:$C$1091, B76)=0, , COUNTIF(독서목록!$C$2:$C$1091, B76)>0, COUNTIF(독서목록!$C$2:$C$1091, B76)) -> #NAME? | F76: =_xludf.IFS(COUNTIF(보류목록!$C$3:$C$1000, B76)>0, "-",COUNTIF(독서목록!$D$2:$D$1091, B76)=0, , COUNTIF(독서목록!$D$2:$D$1091, B76)>0, COUNTIF(독서목록!$D$2:$D$1091, B76)) -> #NAME? | G76: 2024.01.05
B77: 만화로 보는 댄 애리얼리 최고의 선택 | C77: 댄 애리얼리 | D77: 청림출판 | E77: =_xludf.IFS(COUNTIF(보류목록!$B$3:$B$1000, B77)>0, "-",COUNTIF(독서목록!$C$2:$C$1091, B77)=0, , COUNTIF(독서목록!$C$2:$C$1091, B77)>0, COUNTIF(독서목록!$C$2:$C$1091, B77)) -> #NAME? | F77: =_xludf.IFS(COUNTIF(보류목록!$C$3:$C$1000, B77)>0, "-",COUNTIF(독서목록!$D$2:$D$1091, B77)=0, , COUNTIF(독서목록!$D$2:$D$1091, B77)>0, COUNTIF(독서목록!$D$2:$D$1091, B77)) -> #NAME? | G77: 2024.01.05
B78: The One Thing | C78: 게리 켈러 외 1명 | D78: 비즈니스북스 | E78: =_xludf.IFS(COUNTIF(보류목록!$B$3:$B$1000, B78)>0, "-",COUNTIF(독서목록!$C$2:$C$1091, B78)=0, , COUNTIF(독서목록!$C$2:$C$1091, B78)>0, COUNTIF(독서목록!$C$2:$C$1091, B78)) -> #NAME? | F78: =_xludf.IFS(COUNTIF(보류목록!$C$3:$C$1000, B78)>0, "-",COUNTIF(독서목록!$D$2:$D$1091, B78)=0, , COUNTIF(독서목록!$D$2:$D$1091, B78)>0, COUNTIF(독서목록!$D$2:$D$1091, B78)) -> #NAME? | G78: 2023.00.00
B79: 인간 실격 | C79: 다자이 오사무 | D79: 올리버 | E79: =_xludf.IFS(COUNTIF(보류목록!$B$3:$B$1000, B79)>0, "-",COUNTIF(독서목록!$C$2:$C$1091, B79)=0, , COUNTIF(독서목록!$C$2:$C$1091, B79)>0, COUNTIF(독서목록!$C$2:$C$1091, B79)) -> #NAME? | F79: =_xludf.IFS(COUNTIF(보류목록!$C$3:$C$1000, B79)>0, "-",COUNTIF(독서목록!$D$2:$D$1091, B79)=0, , COUNTIF(독서목록!$D$2:$D$1091, B79)>0, COUNTIF(독서목록!$D$2:$D$1091, B79)) -> #NAME? | G79: 2023.12.11 | H79: 기부 | I79: 25.12
B80: 마흔에 읽는 쇼펜하우어 | C80: 강용수 | D80: 유노북스 | E80: =_xludf.IFS(COUNTIF(보류목록!$B$3:$B$1000, B80)>0, "-",COUNTIF(독서목록!$C$2:$C$1091, B80)=0, , COUNTIF(독서목록!$C$2:$C$1091, B80)>0, COUNTIF(독서목록!$C$2:$C$1091, B80)) -> #NAME? | F80: =_xludf.IFS(COUNTIF(보류목록!$C$3:$C$1000, B80)>0, "-",COUNTIF(독서목록!$D$2:$D$1091, B80)=0, , COUNTIF(독서목록!$D$2:$D$1091, B80)>0, COUNTIF(독서목록!$D$2:$D$1091, B80)) -> #NAME? | G80: 2023.12.11
B81: 도어 | C81: 서보 머그더 | D81: 프시케의 숲 | E81: =_xludf.IFS(COUNTIF(보류목록!$B$3:$B$1000, B81)>0, "-",COUNTIF(독서목록!$C$2:$C$1091, B81)=0, , COUNTIF(독서목록!$C$2:$C$1091, B81)>0, COUNTIF(독서목록!$C$2:$C$1091, B81)) -> #NAME? | F81: =_xludf.IFS(COUNTIF(보류목록!$C$3:$C$1000, B81)>0, "-",COUNTIF(독서목록!$D$2:$D$1091, B81)=0, , COUNTIF(독서목록!$D$2:$D$1091, B81)>0, COUNTIF(독서목록!$D$2:$D$1091, B81)) -> #NAME? | G81: 2023.12.11
B82: 더 좋은 삶을 위한 철학 | C82: 마이클 슈어 | D82: 김영사 | E82: =_xludf.IFS(COUNTIF(보류목록!$B$3:$B$1000, B82)>0, "-",COUNTIF(독서목록!$C$2:$C$1091, B82)=0, , COUNTIF(독서목록!$C$2:$C$1091, B82)>0, COUNTIF(독서목록!$C$2:$C$1091, B82)) -> #NAME? | F82: =_xludf.IFS(COUNTIF(보류목록!$C$3:$C$1000, B82)>0, "-",COUNTIF(독서목록!$D$2:$D$1091, B82)=0, , COUNTIF(독서목록!$D$2:$D$1091, B82)>0, COUNTIF(독서목록!$D$2:$D$1091, B82)) -> #NAME? | G82: 2023.12.11
B83: 스토너 | C83: 존 윌리엄스 | D83: 알에이치코리아 | E83: =_xludf.IFS(COUNTIF(보류목록!$B$3:$B$1000, B83)>0, "-",COUNTIF(독서목록!$C$2:$C$1091, B83)=0, , COUNTIF(독서목록!$C$2:$C$1091, B83)>0, COUNTIF(독서목록!$C$2:$C$1091, B83)) -> #NAME? | F83: =_xludf.IFS(COUNTIF(보류목록!$C$3:$C$1000, B83)>0, "-",COUNTIF(독서목록!$D$2:$D$1091, B83)=0, , COUNTIF(독서목록!$D$2:$D$1091, B83)>0, COUNTIF(독서목록!$D$2:$D$1091, B83)) -> #NAME? | G83: 2023.11.09 | H83: 기부 | I83: 25.12
B84: 침묵의 봄 | C84: 레이첼 카슨 | D84: 에코리브르 | E84: =_xludf.IFS(COUNTIF(보류목록!$B$3:$B$1000, B84)>0, "-",COUNTIF(독서목록!$C$2:$C$1091, B84)=0, , COUNTIF(독서목록!$C$2:$C$1091, B84)>0, COUNTIF(독서목록!$C$2:$C$1091, B84)) -> #NAME? | F84: =_xludf.IFS(COUNTIF(보류목록!$C$3:$C$1000, B84)>0, "-",COUNTIF(독서목록!$D$2:$D$1091, B84)=0, , COUNTIF(독서목록!$D$2:$D$1091, B84)>0, COUNTIF(독서목록!$D$2:$D$1091, B84)) -> #NAME? | G84: 2023.11.09 | H84: 기부 | I84: 25.12
B85: 생각하지 않는 사람들 | C85: 니콜라스 카 | D85: 청림출판 | E85: =_xludf.IFS(COUNTIF(보류목록!$B$3:$B$1000, B85)>0, "-",COUNTIF(독서목록!$C$2:$C$1091, B85)=0, , COUNTIF(독서목록!$C$2:$C$1091, B85)>0, COUNTIF(독서목록!$C$2:$C$1091, B85)) -> #NAME? | F85: =_xludf.IFS(COUNTIF(보류목록!$C$3:$C$1000, B85)>0, "-",COUNTIF(독서목록!$D$2:$D$1091, B85)=0, , COUNTIF(독서목록!$D$2:$D$1091, B85)>0, COUNTIF(독서목록!$D$2:$D$1091, B85)) -> #NAME? | G85: 2023.10.05
B86: 남한산성 | C86: 김훈 | D86: 학고재 | E86: =_xludf.IFS(COUNTIF(보류목록!$B$3:$B$1000, B86)>0, "-",COUNTIF(독서목록!$C$2:$C$1091, B86)=0, , COUNTIF(독서목록!$C$2:$C$1091, B86)>0, COUNTIF(독서목록!$C$2:$C$1091, B86)) -> #NAME? | F86: =_xludf.IFS(COUNTIF(보류목록!$C$3:$C$1000, B86)>0, "-",COUNTIF(독서목록!$D$2:$D$1091, B86)=0, , COUNTIF(독서목록!$D$2:$D$1091, B86)>0, COUNTIF(독서목록!$D$2:$D$1091, B86)) -> #NAME? | G86: 2023.10.05
B87: 가짜 노동 | C87: 데니스 뇌르마르크, 아네르스 포그 엔센 | D87: 자음과모음 | E87: =_xludf.IFS(COUNTIF(보류목록!$B$3:$B$1000, B87)>0, "-",COUNTIF(독서목록!$C$2:$C$1091, B87)=0, , COUNTIF(독서목록!$C$2:$C$1091, B87)>0, COUNTIF(독서목록!$C$2:$C$1091, B87)) -> #NAME? | F87: =_xludf.IFS(COUNTIF(보류목록!$C$3:$C$1000, B87)>0, "-",COUNTIF(독서목록!$D$2:$D$1091, B87)=0, , COUNTIF(독서목록!$D$2:$D$1091, B87)>0, COUNTIF(독서목록!$D$2:$D$1091, B87)) -> #NAME? | G87: 2023.09.15
B88: 좋은 기업을 넘어 위대한 기업으로 | C88: 짐 콜린스 | D88: 김영사 | E88: =_xludf.IFS(COUNTIF(보류목록!$B$3:$B$1000, B88)>0, "-",COUNTIF(독서목록!$C$2:$C$1091, B88)=0, , COUNTIF(독서목록!$C$2:$C$1091, B88)>0, COUNTIF(독서목록!$C$2:$C$1091, B88)) -> #NAME? | F88: =_xludf.IFS(COUNTIF(보류목록!$C$3:$C$1000, B88)>0, "-",COUNTIF(독서목록!$D$2:$D$1091, B88)=0, , COUNTIF(독서목록!$D$2:$D$1091, B88)>0, COUNTIF(독서목록!$D$2:$D$1091, B88)) -> #NAME? | G88: 2023.08.22
B89: 도시와 그 불확실한 벽 | C89: 무라카미 하루키 | D89: 문학동네 | E89: =_xludf.IFS(COUNTIF(보류목록!$B$3:$B$1000, B89)>0, "-",COUNTIF(독서목록!$C$2:$C$1091, B89)=0, , COUNTIF(독서목록!$C$2:$C$1091, B89)>0, COUNTIF(독서목록!$C$2:$C$1091, B89)) -> #NAME? | F89: =_xludf.IFS(COUNTIF(보류목록!$C$3:$C$1000, B89)>0, "-",COUNTIF(독서목록!$D$2:$D$1091, B89)=0, , COUNTIF(독서목록!$D$2:$D$1091, B89)>0, COUNTIF(독서목록!$D$2:$D$1091, B89)) -> #NAME? | G89: 2023.08.22 | H89: 기부 | I89: 25.12
B90: 뻬드로 빠라모 | C90: 후안 룰포 | D90: 민음사 | E90: =_xludf.IFS(COUNTIF(보류목록!$B$3:$B$1000, B90)>0, "-",COUNTIF(독서목록!$C$2:$C$1091, B90)=0, , COUNTIF(독서목록!$C$2:$C$1091, B90)>0, COUNTIF(독서목록!$C$2:$C$1091, B90)) -> #NAME? | F90: =_xludf.IFS(COUNTIF(보류목록!$C$3:$C$1000, B90)>0, "-",COUNTIF(독서목록!$D$2:$D$1091, B90)=0, , COUNTIF(독서목록!$D$2:$D$1091, B90)>0, COUNTIF(독서목록!$D$2:$D$1091, B90)) -> #NAME? | G90: 2023.08.22
B91: 블랙스완 | C91: 나심 니콜라스 탈레브 | D91: 동녘사이언스 | E91: =_xludf.IFS(COUNTIF(보류목록!$B$3:$B$1000, B91)>0, "-",COUNTIF(독서목록!$C$2:$C$1091, B91)=0, , COUNTIF(독서목록!$C$2:$C$1091, B91)>0, COUNTIF(독서목록!$C$2:$C$1091, B91)) -> #NAME? | F91: =_xludf.IFS(COUNTIF(보류목록!$C$3:$C$1000, B91)>0, "-",COUNTIF(독서목록!$D$2:$D$1091, B91)=0, , COUNTIF(독서목록!$D$2:$D$1091, B91)>0, COUNTIF(독서목록!$D$2:$D$1091, B91)) -> #NAME? | G91: 2023.08.22
B92: 도둑맞은 집중력 | C92: 요한 하리 | D92: 어크로스 | E92: =_xludf.IFS(COUNTIF(보류목록!$B$3:$B$1000, B92)>0, "-",COUNTIF(독서목록!$C$2:$C$1091, B92)=0, , COUNTIF(독서목록!$C$2:$C$1091, B92)>0, COUNTIF(독서목록!$C$2:$C$1091, B92)) -> #NAME? | F92: =_xludf.IFS(COUNTIF(보류목록!$C$3:$C$1000, B92)>0, "-",COUNTIF(독서목록!$D$2:$D$1091, B92)=0, , COUNTIF(독서목록!$D$2:$D$1091, B92)>0, COUNTIF(독서목록!$D$2:$D$1091, B92)) -> #NAME? | G92: 2023.07.18
B93: 못 말리게 시끄럽고, 참을 수 없이 웃긴 철학책 | C93: 스콧 하쇼비츠 | D93: 어크로스 | E93: =_xludf.IFS(COUNTIF(보류목록!$B$3:$B$1000, B93)>0, "-",COUNTIF(독서목록!$C$2:$C$1091, B93)=0, , COUNTIF(독서목록!$C$2:$C$1091, B93)>0, COUNTIF(독서목록!$C$2:$C$1091, B93)) -> #NAME? | F93: =_xludf.IFS(COUNTIF(보류목록!$C$3:$C$1000, B93)>0, "-",COUNTIF(독서목록!$D$2:$D$1091, B93)=0, , COUNTIF(독서목록!$D$2:$D$1091, B93)>0, COUNTIF(독서목록!$D$2:$D$1091, B93)) -> #NAME? | G93: 2023.07.18 | H93: 기부 | I93: 25.12
B94: 드라이브 | C94: 다니엘 핑크 | D94: 청림출판 | E94: =_xludf.IFS(COUNTIF(보류목록!$B$3:$B$1000, B94)>0, "-",COUNTIF(독서목록!$C$2:$C$1091, B94)=0, , COUNTIF(독서목록!$C$2:$C$1091, B94)>0, COUNTIF(독서목록!$C$2:$C$1091, B94)) -> #NAME? | F94: =_xludf.IFS(COUNTIF(보류목록!$C$3:$C$1000, B94)>0, "-",COUNTIF(독서목록!$D$2:$D$1091, B94)=0, , COUNTIF(독서목록!$D$2:$D$1091, B94)>0, COUNTIF(독서목록!$D$2:$D$1091, B94)) -> #NAME? | G94: 2023.07.18
B95: 문과 남자의 과학 공부 | C95: 유시민 | D95: 돌베개 | E95: =_xludf.IFS(COUNTIF(보류목록!$B$3:$B$1000, B95)>0, "-",COUNTIF(독서목록!$C$2:$C$1091, B95)=0, , COUNTIF(독서목록!$C$2:$C$1091, B95)>0, COUNTIF(독서목록!$C$2:$C$1091, B95)) -> #NAME? | F95: =_xludf.IFS(COUNTIF(보류목록!$C$3:$C$1000, B95)>0, "-",COUNTIF(독서목록!$D$2:$D$1091, B95)=0, , COUNTIF(독서목록!$D$2:$D$1091, B95)>0, COUNTIF(독서목록!$D$2:$D$1091, B95)) -> #NAME? | G95: 2023.06.14
B96: 청춘의 독서 | C96: 유시민 | D96: 융진지식하우스 | E96: =_xludf.IFS(COUNTIF(보류목록!$B$3:$B$1000, B96)>0, "-",COUNTIF(독서목록!$C$2:$C$1091, B96)=0, , COUNTIF(독서목록!$C$2:$C$1091, B96)>0, COUNTIF(독서목록!$C$2:$C$1091, B96)) -> #NAME? | F96: =_xludf.IFS(COUNTIF(보류목록!$C$3:$C$1000, B96)>0, "-",COUNTIF(독서목록!$D$2:$D$1091, B96)=0, , COUNTIF(독서목록!$D$2:$D$1091, B96)>0, COUNTIF(독서목록!$D$2:$D$1091, B96)) -> #NAME? | G96: 2023.06.14
B97: 표현의 기술 | C97: 유시민 | D97: 생각의 길 | E97: =_xludf.IFS(COUNTIF(보류목록!$B$3:$B$1000, B97)>0, "-",COUNTIF(독서목록!$C$2:$C$1091, B97)=0, , COUNTIF(독서목록!$C$2:$C$1091, B97)>0, COUNTIF(독서목록!$C$2:$C$1091, B97)) -> #NAME? | F97: =_xludf.IFS(COUNTIF(보류목록!$C$3:$C$1000, B97)>0, "-",COUNTIF(독서목록!$D$2:$D$1091, B97)=0, , COUNTIF(독서목록!$D$2:$D$1091, B97)>0, COUNTIF(독서목록!$D$2:$D$1091, B97)) -> #NAME? | G97: 2023.06.14
B98: 열 번 잘해도 한 번 실수로 무너지는 게 관계다 | C98: 김다슬 | D98: 클라우디아 | E98: =_xludf.IFS(COUNTIF(보류목록!$B$3:$B$1000, B98)>0, "-",COUNTIF(독서목록!$C$2:$C$1091, B98)=0, , COUNTIF(독서목록!$C$2:$C$1091, B98)>0, COUNTIF(독서목록!$C$2:$C$1091, B98)) -> #NAME? | F98: =_xludf.IFS(COUNTIF(보류목록!$C$3:$C$1000, B98)>0, "-",COUNTIF(독서목록!$D$2:$D$1091, B98)=0, , COUNTIF(독서목록!$D$2:$D$1091, B98)>0, COUNTIF(독서목록!$D$2:$D$1091, B98)) -> #NAME? | G98: 2023.05.20
B99: 불행 피하기 기술 | C99: 롤프 도벨리 | D99: 인플루엔셜 | E99: =_xludf.IFS(COUNTIF(보류목록!$B$3:$B$1000, B99)>0, "-",COUNTIF(독서목록!$C$2:$C$1091, B99)=0, , COUNTIF(독서목록!$C$2:$C$1091, B99)>0, COUNTIF(독서목록!$C$2:$C$1091, B99)) -> #NAME? | F99: =_xludf.IFS(COUNTIF(보류목록!$C$3:$C$1000, B99)>0, "-",COUNTIF(독서목록!$D$2:$D$1091, B99)=0, , COUNTIF(독서목록!$D$2:$D$1091, B99)>0, COUNTIF(독서목록!$D$2:$D$1091, B99)) -> #NAME? | G99: 2023.05.20 | H99: 기부 | I99: 기부
B100: 하이아웃풋 매니지먼트 | C100: 맨드루S, 그로브 | D100: 청림출판 | E100: =_xludf.IFS(COUNTIF(보류목록!$B$3:$B$1000, B100)>0, "-",COUNTIF(독서목록!$C$2:$C$1091, B100)=0, , COUNTIF(독서목록!$C$2:$C$1091, B100)>0, COUNTIF(독서목록!$C$2:$C$1091, B100)) -> #NAME? | F100: =_xludf.IFS(COUNTIF(보류목록!$C$3:$C$1000, B100)>0, "-",COUNTIF(독서목록!$D$2:$D$1091, B100)=0, , COUNTIF(독서목록!$D$2:$D$1091, B100)>0, COUNTIF(독서목록!$D$2:$D$1091, B100)) -> #NAME? | G100: 2023.03.10
B101: 최강의 조직 | C101: 벤 호로위츠 | D101: 한국경제신문 | E101: =_xludf.IFS(COUNTIF(보류목록!$B$3:$B$1000, B101)>0, "-",COUNTIF(독서목록!$C$2:$C$1091, B101)=0, , COUNTIF(독서목록!$C$2:$C$1091, B101)>0, COUNTIF(독서목록!$C$2:$C$1091, B101)) -> #NAME? | F101: =_xludf.IFS(COUNTIF(보류목록!$C$3:$C$1000, B101)>0, "-",COUNTIF(독서목록!$D$2:$D$1091, B101)=0, , COUNTIF(독서목록!$D$2:$D$1091, B101)>0, COUNTIF(독서목록!$D$2:$D$1091, B101)) -> #NAME? | G101: 2023.03.10
B102: 언러키 스타트업 | C102: 정지음 | D102: 민음사 | E102: =_xludf.IFS(COUNTIF(보류목록!$B$3:$B$1000, B102)>0, "-",COUNTIF(독서목록!$C$2:$C$1091, B102)=0, , COUNTIF(독서목록!$C$2:$C$1091, B102)>0, COUNTIF(독서목록!$C$2:$C$1091, B102)) -> #NAME? | F102: =_xludf.IFS(COUNTIF(보류목록!$C$3:$C$1000, B102)>0, "-",COUNTIF(독서목록!$D$2:$D$1091, B102)=0, , COUNTIF(독서목록!$D$2:$D$1091, B102)>0, COUNTIF(독서목록!$D$2:$D$1091, B102)) -> #NAME? | G102: 2023.02.03 | H102: 기부 | I102: 기부
B103: 하드씽 | C103: 벤 호로위츠 | D103: 한국경제신문 | E103: =_xludf.IFS(COUNTIF(보류목록!$B$3:$B$1000, B103)>0, "-",COUNTIF(독서목록!$C$2:$C$1091, B103)=0, , COUNTIF(독서목록!$C$2:$C$1091, B103)>0, COUNTIF(독서목록!$C$2:$C$1091, B103)) -> #NAME? | F103: =_xludf.IFS(COUNTIF(보류목록!$C$3:$C$1000, B103)>0, "-",COUNTIF(독서목록!$D$2:$D$1091, B103)=0, , COUNTIF(독서목록!$D$2:$D$1091, B103)>0, COUNTIF(독서목록!$D$2:$D$1091, B103)) -> #NAME? | G103: 2023.02.03
B104: 제품의 탄생 | C104: 오이카와 타쿠야 외 | D104: 책만 | E104: =_xludf.IFS(COUNTIF(보류목록!$B$3:$B$1000, B104)>0, "-",COUNTIF(독서목록!$C$2:$C$1091, B104)=0, , COUNTIF(독서목록!$C$2:$C$1091, B104)>0, COUNTIF(독서목록!$C$2:$C$1091, B104)) -> #NAME? | F104: =_xludf.IFS(COUNTIF(보류목록!$C$3:$C$1000, B104)>0, "-",COUNTIF(독서목록!$D$2:$D$1091, B104)=0, , COUNTIF(독서목록!$D$2:$D$1091, B104)>0, COUNTIF(독서목록!$D$2:$D$1091, B104)) -> #NAME? | G104: 2023.02.03
B105: 새의 선물 | C105: 은희경 | D105: 문학동네 | E105: =_xludf.IFS(COUNTIF(보류목록!$B$3:$B$1000, B105)>0, "-",COUNTIF(독서목록!$C$2:$C$1091, B105)=0, , COUNTIF(독서목록!$C$2:$C$1091, B105)>0, COUNTIF(독서목록!$C$2:$C$1091, B105)) -> #NAME? | F105: =_xludf.IFS(COUNTIF(보류목록!$C$3:$C$1000, B105)>0, "-",COUNTIF(독서목록!$D$2:$D$1091, B105)=0, , COUNTIF(독서목록!$D$2:$D$1091, B105)>0, COUNTIF(독서목록!$D$2:$D$1091, B105)) -> #NAME? | G105: 2023.01.22
B106: 바닷가 작업실에서는 전혀 다른 시간이 흐른다 | C106: 김정운 | D106: 21세기북스 | E106: =_xludf.IFS(COUNTIF(보류목록!$B$3:$B$1000, B106)>0, "-",COUNTIF(독서목록!$C$2:$C$1091, B106)=0, , COUNTIF(독서목록!$C$2:$C$1091, B106)>0, COUNTIF(독서목록!$C$2:$C$1091, B106)) -> #NAME? | F106: =_xludf.IFS(COUNTIF(보류목록!$C$3:$C$1000, B106)>0, "-",COUNTIF(독서목록!$D$2:$D$1091, B106)=0, , COUNTIF(독서목록!$D$2:$D$1091, B106)>0, COUNTIF(독서목록!$D$2:$D$1091, B106)) -> #NAME? | G106: 2023.01.22 | H106: 기부 | I106: 25.12
B107: 방구석 미술관 | C107: 조원재 | D107: 블랙피쉬 | E107: =_xludf.IFS(COUNTIF(보류목록!$B$3:$B$1000, B107)>0, "-",COUNTIF(독서목록!$C$2:$C$1091, B107)=0, , COUNTIF(독서목록!$C$2:$C$1091, B107)>0, COUNTIF(독서목록!$C$2:$C$1091, B107)) -> #NAME? | F107: =_xludf.IFS(COUNTIF(보류목록!$C$3:$C$1000, B107)>0, "-",COUNTIF(독서목록!$D$2:$D$1091, B107)=0, , COUNTIF(독서목록!$D$2:$D$1091, B107)>0, COUNTIF(독서목록!$D$2:$D$1091, B107)) -> #NAME? | G107: 2023.01.05 | H107: 기부 | I107: 기부
B108: 설국 | C108: 가와바타 야스나리 | D108: 민음사 | E108: =_xludf.IFS(COUNTIF(보류목록!$B$3:$B$1000, B108)>0, "-",COUNTIF(독서목록!$C$2:$C$1091, B108)=0, , COUNTIF(독서목록!$C$2:$C$1091, B108)>0, COUNTIF(독서목록!$C$2:$C$1091, B108)) -> #NAME? | F108: =_xludf.IFS(COUNTIF(보류목록!$C$3:$C$1000, B108)>0, "-",COUNTIF(독서목록!$D$2:$D$1091, B108)=0, , COUNTIF(독서목록!$D$2:$D$1091, B108)>0, COUNTIF(독서목록!$D$2:$D$1091, B108)) -> #NAME? | G108: 2023.01.05
B109: 시지프 신화 | C109: 알베르 카뮈 | D109: 민음사 | E109: =_xludf.IFS(COUNTIF(보류목록!$B$3:$B$1000, B109)>0, "-",COUNTIF(독서목록!$C$2:$C$1091, B109)=0, , COUNTIF(독서목록!$C$2:$C$1091, B109)>0, COUNTIF(독서목록!$C$2:$C$1091, B109)) -> #NAME? | F109: =_xludf.IFS(COUNTIF(보류목록!$C$3:$C$1000, B109)>0, "-",COUNTIF(독서목록!$D$2:$D$1091, B109)=0, , COUNTIF(독서목록!$D$2:$D$1091, B109)>0, COUNTIF(독서목록!$D$2:$D$1091, B109)) -> #NAME? | G109: 2023.01.05
...

Sheet IT서적
C1: IT BOOKS
B2: 책 이름 | C2: 작가 | D2: 출판사 | E2: 대현 | F2: 문선 | G2: 구입 날짜
B4: 요즘 당근 AI 개발 | C4: 당근팀 | D4: 골든래빗 | G4: 2025.11.03
B5: MCP로 똑똑하게 일하는 법 | C5: 케이트리 | D5: 제이펍 | G5: 2025.08.07
B6: 개발자를 넘어 기술 리더로 가는 길 | C6: 타냐 라일리 | D6: 디코딩 | G6: 2025.04.08
B7: 데이터 메시 | C7: 세막 데그하니 | D7: 한빛미디어 | G7: 2025.04.08
B8: 모던 리액트 Deep Dive | C8: 김용찬 | D8: 위키북스 | E8: O | G8: 2025.02.06
B9: 생활코딩! Ract 리액트 프로그래밍 | C9: 이고잉 | D9: 위키북스 | E9: O | G9: 2025.01.07
B10: 소프트웨어 설계의 정석 | C10: 요시하라 쇼자부로 | D10: 한빛미디어 | G10: 2024.12.02
B11: 개발자 원칙 | C11: 박성철 외 8명 | D11: 골든래빗 | F11: O | G11: 2024.10.11
B12: 코드 밖 커뮤니케이션 | C12: 재퀴 리드 | D12: 한빛미디어 | F12: O | G12: 2024.10.11
B13: Do it! Vue.js 입문 | C13: 장기효 | D13: 이지스퍼블리싱 | E13: O | G13: 2024.07.04
B14: 데이터아키텍처 준전문가(DAsP) 한 권으로 끝내기 | C14: 김상목 | D14: 마크리더 | G14: 2024.07.04
B15: SQL 자격검정 실전문제 | C15: 한국데이터산업진흥원 | D15: 한국데이터산업진흥원 | G15: 2024.05.11
B16: 피닉스 프로젝트 | C16: 진킴, 케빈 베어, 조지 스패포트 | D16: 에이콘 | G16: 2023.08.22
B17: 데이터 모델링 실전처럼 시작하기 | C17: 박종원 | D17: 세나북스 | E17: O | F17: O | G17: 2023.05.20
B18: 데이터 분석 준전문가 | C18: 윤종식 | D18: 데이터에듀 | G18: 2023.03.10
B19: 데이터 모델링 이야기 | C19: 김상래 | D19: 한빛미디어 | E19: O | F19: O | G19: 2023.01.05
B20: IT 엔지니어를 위한 네트워크 입문 | C20: 고재성, 이상훈 | D20: 길벗 | F20: O | G20: 2022.12.09
B21: 사용자 스토리 | C21: 마이크 콘 | D21: 인사이트 | E21: O | F21: O | G21: 2022.09.05
B22: 익스트림 프로그래밍 | C22: 켄트 벡, 신시아 안드레스 | D22: 인사이트 | E22: O | F22: O | G22: 2022.08.05
B23: 애자일 회고 | C23: 에스더 더비, 다이애나 라센 | D23: 인사이트 | E23: O | F23: O | G23: 2022.08.05
B24: 클린 코더 | C24: 로버트 C.마틴 | D24: 인사이트 | E24: O | F24: O | G24: 2022.06.08
B25: 읽기 좋은 코드가 좋은 코드다 | C25: 더스트 보즈웨, 트레버 파우커 | D25: 한빛미디어 | E25: O | F25: O | G25: 2022.06.08
B26: 레거시 코드 활용 전략 | C26: 마이클 C. 페더스 | D26: 에이콘 | G26: 2022.05.11
B27: 함께 자라기 | C27: 김창준 | D27: 인사이트 | E27: O | F27: O | G27: 2022.05.11
B28: 도메인 주도 개발 시작하기 | C28: 최범균 | D28: 한빛미디어 | E28: O | G28: 2022.04.13
B29: 테스트 주도 개발 | C29: 켄트 벡 | D29: 인사이트 | E29: O | F29: O | G29: 2022.04.13
B30: 코드로 배우는 스프링 부트 웹 프로젝트 | C30: 구멍가게 코딩단 | D30: 남가람북스 | F30: O | G30: 2022.03.13
B31: 아파치 카프가 | C31: 최원영 | D31: 비제이퍼블릭 | G31: 2022.02.03
B32: 클린 코드 | C32: 로버트 C.마틴 | D32: 인사이트 | E32: O | F32: O | G32: 2022.06.08
B33: 클린 아키텍처 | C33: 로버트 C.마틴 | D33: 인사이트 | E33: O | F33: O
B34: 데이터 중심 애플리케이션 설계 | C34: 마틴 클레이프만 | D34: 위키북스 | G34: 2021.12.30
B35: 클린 애자일 | C35: 로버트 C.마틴 | D35: 인사이트 | E35: O | G35: 2021.12.30
B36: 스프링 부트와 AWS로 혼자 구현하는 웹 서비스 | C36: 이동욱 | D36: 프리렉 | G36: 2021.11.23
B37: 배워서 바로 쓰는 14가지 AWS 구축 패턴 | C37: 가와카미 아키히사 | D37: 한빛미디어 | E37: O | G37: 2021.11.23
B38: 클라우드 네이티브 인프라스트럭처 | C38: 저스틴 게리슨, 크리스 노바 | D38: 책만 | G38: 2021.10.29
B39: 마이크로서비스 도입 이렇게 한다 | C39: 샘 뉴먼 | D39: 책만 | E39: O | G39: 2021.10.29
B40: 도메인 주도 설계 철저 입문 | C40: 나루세 마사노부 | D40: 위키북스 | F40: O | G40: 2021.09.27
B41: 소프트웨어 아키텍처 : 이론과 실제 - 개정3판 | C41: 렌 베스 | D41: 에이콘출판 | E41: O | G41: 2021.07.29
B42: 개발자에서 아키텍트로 - 38가지 팀 활동을 활용한 실전 소프트웨어 아키텍트 훈련법 | C42: 마이클 킬링 | D42: 한빛미디어 | E42: O | F42: O | G42: 2021.06.21
B43: 자바 ORM 표준 JPA 프로그래밍 | C43: 김영한 | D43: 에이콘출판 | E43: 읽는 중 | G43: 2021.06.21
B44: 생각하는 프로그래밍 - 프로그래밍 본질에 관한 15가지 에세이 | C44: 존 벤틀리 | D44: 인사이트 | E44: O | G44: 2021.05.24
B45: 스프링 부트 코딩 공작소 | C45: 크레이그 월즈 | D45: 길벗 | E45: O | F45: O | G45: 2021.05.24
B46: 객체지향의 사실과 오해 - 역할, 책임, 협력 관점에서 본 객체지향 | C46: 조영호 | D46: 위키북스 | E46: O | G46: 2021.04.19
B47: 엔터프라이즈 애플리케이션 아키텍처 패턴 | C47: 마틴 파울러 | D47: 위키북스 | E47: O | G47: 2021.04.19
B48: 리펙터링 2판 | C48: 마틴 파울러 | D48: 한빛미디어 | E48: O | F48: O | G48: 2021.03.11
B49: 개발자의 글쓰기 | C49: 김철수 | D49: 위키북스 | F49: O | G49: 2021.03.08
B50: gRPC 시작에서 운영까지 | C50: 카순 | D50: 에이콘출판 | E50: - | G50: 2021.02.01
B51: 도메인 주도 설계 | C51: 에릭 에반스 | D51: 위키북스 | E51: O | G51: 2021.02.01
B52: 자바 기반의 마이크로서비스 이해와 아키텍처 구축하기 | C52: 박성훈 | D52: 제이펍 | E52: 읽는 중 | G52: 2021.01.11
B53: Head First Python | C53: 폴 베리 | D53: 한빛미디어 | F53: O | G53: 2020.04.27
B54: 실용주의 프로그래머 | C54: 데이비드 토머스 | D54: 인사이트 | E54: O | F54: O | G54: 2020.04.27
B55: 개발자와 DBA를 위한 Real MySQL | C55: 이성욱 | D55: 위키북스 | F55: O | G55: 2020.03.16
B56: 이것이 MariaDB다 | C56: 우재남 | D56: 한빛미디어 | F56: O | G56: 2020.02.24
B57: 마이크로서비스 아키텍처 구축 - 대용량 시스템의 효율적인 분산 설계 기법 | C57: 샘 뉴먼 | D57: 한빛미디어 | E57: O | G57: 2018.12.26
B58: 시작하세요! 도커 | C58: 용찬호 | D58: 위키북스 | E58: O | G58: 2018.12.26
B59: HTTP 완벽 가이드 | C59: 데이빗 고울리 | D59: 인사이트 | E59: O | G59: 2017.11.08
B60: 구글 애널리틱스를 활용한 데이터분석 입문 | C60: 김진 | D60: 머니매그넷주식회사 | E60: O | G60: 2017.04.27
B61: 파이썬 3 | C61: 폴 배리 | D61: 한빛미디어
B62: 파이썬 코딩 도장 | C62: 남재윤 | D62: 길벗 | E62: O | F62: O
B63: 하이브 완벽 가이드 | C63: 에드워드 카프리올로 | D63: 한빛미디어
B64: IT 아키텍트가 하지 말아야 할 128가지 | C64: 니케이시스템즈 | D64: 로드북
B65: 거침없이 배우는 하둡 | C65: 첡 램 | D65: 지앤선 | E65: O
B66: 쿠버네티스를 활용한 클라우드 네이티브 데이옵스 | C66: 존 어들런, 저스틴 도밍거스 | D66: 한빛미디어
B67: HBase 인액션 | C67: 닉 디미덕, 아만딥 쿠라나 | D67: 비제이퍼블릭
B68: UML 실전에서는 이것만 쓴다 | C68: 로버트 C. 마틴 | D68: 인사이트 | E68: O

Sheet 통계
B1: # 독서
B2: Year | C2: 대현 | D2: 문선 | E2: 합계
B3: 연도불명 | C3: =COUNTIFS(독서목록!$B$46:$B$1201, B3, 독서목록!$C$46:$C$1201, "*") -> 0 | D3: =COUNTIFS(독서목록!$B$46:$B$1201, B3, 독서목록!$D$46:$D$1201, "*") -> 80 | E3: =SUM(C3:D3) -> 80
B4: 2010 | C4: =COUNTIFS(독서목록!$B$46:$B$1201, B4, 독서목록!$C$46:$C$1201, "*") -> 41 | D4: =COUNTIFS(독서목록!$B$46:$B$1201, B4, 독서목록!$D$46:$D$1201, "*") -> 47 | E4: =SUM(C4:D4) -> 88
B5: =B4+1 -> 2011 | C5: =COUNTIFS(독서목록!$B$46:$B$1201, B5, 독서목록!$C$46:$C$1201, "*") -> 55 | D5: =COUNTIFS(독서목록!$B$46:$B$1201, B5, 독서목록!$D$46:$D$1201, "*") -> 49 | E5: =SUM(C5:D5) -> 104
B6: =B5+1 -> 2012 | C6: =COUNTIFS(독서목록!$B$46:$B$1201, B6, 독서목록!$C$46:$C$1201, "*") -> 53 | D6: =COUNTIFS(독서목록!$B$46:$B$1201, B6, 독서목록!$D$46:$D$1201, "*") -> 57 | E6: =SUM(C6:D6) -> 110
B7: =B6+1 -> 2013 | C7: =COUNTIFS(독서목록!$B$46:$B$1201, B7, 독서목록!$C$46:$C$1201, "*") -> 43 | D7: =COUNTIFS(독서목록!$B$46:$B$1201, B7, 독서목록!$D$46:$D$1201, "*") -> 34 | E7: =SUM(C7:D7) -> 77
B8: =B7+1 -> 2014 | C8: =COUNTIFS(독서목록!$B$46:$B$1201, B8, 독서목록!$C$46:$C$1201, "*") -> 33 | D8: =COUNTIFS(독서목록!$B$46:$B$1201, B8, 독서목록!$D$46:$D$1201, "*") -> 29 | E8: =SUM(C8:D8) -> 62
B9: =B8+1 -> 2015 | C9: =COUNTIFS(독서목록!$B$46:$B$1201, B9, 독서목록!$C$46:$C$1201, "*") -> 41 | D9: =COUNTIFS(독서목록!$B$46:$B$1201, B9, 독서목록!$D$46:$D$1201, "*") -> 30 | E9: =SUM(C9:D9) -> 71
B10: =B9+1 -> 2016 | C10: =COUNTIFS(독서목록!$B$46:$B$1201, B10, 독서목록!$C$46:$C$1201, "*") -> 30 | D10: =COUNTIFS(독서목록!$B$46:$B$1201, B10, 독서목록!$D$46:$D$1201, "*") -> 19 | E10: =SUM(C10:D10) -> 49
B11: =B10+1 -> 2017 | C11: =COUNTIFS(독서목록!$B$46:$B$1201, B11, 독서목록!$C$46:$C$1201, "*") -> 25 | D11: =COUNTIFS(독서목록!$B$46:$B$1201, B11, 독서목록!$D$46:$D$1201, "*") -> 24 | E11: =SUM(C11:D11) -> 49
B12: =B11+1 -> 2018 | C12: =COUNTIFS(독서목록!$B$46:$B$1201, B12, 독서목록!$C$46:$C$1201, "*") -> 43 | D12: =COUNTIFS(독서목록!$B$46:$B$1201, B12, 독서목록!$D$46:$D$1201, "*") -> 34 | E12: =SUM(C12:D12) -> 77
B13: =B12+1 -> 2019 | C13: =COUNTIFS(독서목록!$B$46:$B$1201, B13, 독서목록!$C$46:$C$1201, "*") -> 10 | D13: =COUNTIFS(독서목록!$B$46:$B$1201, B13, 독서목록!$D$46:$D$1201, "*") -> 4 | E13: =SUM(C13:D13) -> 14
B14: =B13+1 -> 2020 | C14: =COUNTIFS(독서목록!$B$46:$B$1201, B14, 독서목록!$C$46:$C$1201, "*") -> 11 | D14: =COUNTIFS(독서목록!$B$46:$B$1201, B14, 독서목록!$D$46:$D$1201, "*") -> 17 | E14: =SUM(C14:D14) -> 28
B15: =B14+1 -> 2021 | C15: =COUNTIFS(독서목록!$B$46:$B$1201, B15, 독서목록!$C$46:$C$1201, "*") -> 15 | D15: =COUNTIFS(독서목록!$B$46:$B$1201, B15, 독서목록!$D$46:$D$1201, "*") -> 14 | E15: =SUM(C15:D15) -> 29
B16: 2022 | C16: =COUNTIFS(독서목록!$B$46:$B$1201, B16, 독서목록!$C$46:$C$1201, "*") -> 17 | D16: =COUNTIFS(독서목록!$B$46:$B$1201, B16, 독서목록!$D$46:$D$1201, "*") -> 10 | E16: =SUM(C16:D16) -> 27
B17: 2023 | C17: =COUNTIFS(독서목록!$B$46:$B$1201, B17, 독서목록!$C$46:$C$1201, "*") -> 32 | D17: =COUNTIFS(독서목록!$B$46:$B$1201, B17, 독서목록!$D$46:$D$1201, "*") -> 26 | E17: =SUM(C17:D17) -> 58
B18: 2024 | C18: =COUNTIFS(독서목록!$B$46:$B$1201, B18, 독서목록!$C$46:$C$1201, "*") -> 30 | D18: =COUNTIFS(독서목록!$B$46:$B$1201, B18, 독서목록!$D$46:$D$1201, "*") -> 31 | E18: =SUM(C18:D18) -> 61
B19: 2025 | C19: =COUNTIFS(독서목록!$B$3:$B$1201, B19, 독서목록!$C$3:$C$1201, "*") -> 26 | D19: =COUNTIFS(독서목록!$B$3:$B$1201, B19, 독서목록!$D$3:$D$1201, "*") -> 20 | E19: =SUM(C19:D19) -> 46
B20: 2026 | C20: =COUNTIFS(독서목록!$B$3:$B$1201, B20, 독서목록!$C$3:$C$1201, "*") -> 8 | D20: =COUNTIFS(독서목록!$B$3:$B$1201, B20, 독서목록!$D$3:$D$1201, "*") -> 5 | E20: =SUM(C20:D20) -> 13
B22: Average | C22: =ROUND(SUM(C3:C19)/COUNT(C3:C19), 1) -> 29.7 | D22: =ROUND(SUM(D3:D19)/COUNT(D3:D19), 1) -> 30.9 | E22: =ROUND(SUM(E3:E19)/COUNT(E3:E19), 1) -> 60.6
B23: Total | C23: =SUM(C3:C19) -> 505 | D23: =SUM(D3:D19) -> 525 | E23: =SUM(C23,D23) -> 1030
C25: 대현 | D25: 문선 | E25: 공통
B26: 읽음 | C26: =COUNTIF(도서목록!$E$3:$E$1103, ">=1") -> 0 | D26: =COUNTIF(도서목록!$F$3:$F$1103, ">=1") -> 2 | E26: =COUNTIFS(도서목록!$E$3:$E$1103, ">=1", 도서목록!$F$3:$F$1103, ">=1")+COUNTIFS(도서목록!$E$3:$E$1103, ">=1", 도서목록!$F$3:$F$1103, "O") -> 0
B27: 안 읽을 | C27: =COUNTIF(도서목록!$E$3:$E$1103, "-") -> 1 | D27: =COUNTIF(도서목록!$F$3:$F$1103, "-") -> 1 | E27: =COUNTIFS(도서목록!$E$3:$E$1103, "-", 도서목록!$F$3:$F$1103, "-") -> 1
B28: 읽어야 할 | C28: =C30-C26-C27 -> 558 | D28: =C30-D26-D27 -> 556 | E28: =COUNTIFS(도서목록!$E$3:$E$1103, "", 도서목록!$F$3:$F$1103, "") -> 530
B30: 구입 | C30: =도서목록!B1 -> 559
B31: 기부 | C31: =COUNTIF(도서목록!H3:H573, "기부") -> 152
B32: 판매 | C32: =COUNTIF(도서목록!H3:H573, "판매") -> 157
B33: 보관 | C33: =C30-C31-C32 -> 250

Sheet 독서목록
B2: 년 | C2: 대현 | D2: 문선
B4: 2026 | C4: YES를 이끌어내는 협상법 | D4: 흐르는 강물처럼-셀리 리드
B5: 2026 | C5: 물고기는 존재하지 않는다 | D5: 천천히 다정하게
B6: 2026 | C6: 위버멘쉬 | D6: 하얼빈
B7: 2026 | C7: 하얼빈 | D7: 그랜드 부다페스트 호텔
B8: 2026 | C8: 쓰는 사람 | D8: 쓰는 사람
B9: 2026 | C9: 빌 캠벨, 실리콘밸리의 위대한 코치
B10: 2026 | C10: YES를 이끌어내는 협상법
B11: 2026 | C11: 팩트풀니스
B12: 2026
B13: 2026
B14: 2026
B15: 2026
B16: 2026
B17: 2026
B18: 2026
B19: 2026
B20: 2025 | C20: 마음의 기술 | D20: 면도날
B21: 2025 | C21: 생활코딩! Ract 리액트 프로그래밍 | D21: 작별하지 않는다
B22: 2025 | C22: 새들이 남쪽으로 가는 날 | D22: 초역 부처의 말
B23: 2025 | C23: THICK data | D23: 무기력이 무기력해지도록
B24: 2025 | C24: 초역 부처의 말 | D24: 흰
B25: 2025 | C25: 데미안(오리지널 초판본 디자인) | D25: 개발자 원칙
B26: 2025 | C26: 모던 리액트 Deep Dive | D26: 불안 - 개정판
B27: 2025 | C27: 흰 | D27: 채식주의자
B28: 2025 | C28: 단어가 품은 세계 | D28: 단어가 품은 세계
B29: 2025 | C29: 무기력이 무기력해지도록 | D29: 팀워크의 부활
B30: 2025 | C30: 예술 도둑 | D30: 맡겨진 소녀
B31: 2025 | C31: 맡겨진 소녀 | D31: 소년이 온다
... B39: 2025 | C39: 우리는 어떻게 마음을 움직이는가 | D39: 고도를 기다리며
B40: 2025 | C40: 천천히 다정하게
B41: 2025 | C41: 비 그친 오후의 헌책방
B42: 2025 | C42: 인간 실격
B43: 2025 | C43: 우리가 빛의 속도로 갈 수 없다면
B44: 2025 | C44: 흐르는 강물처럼-셀리 리드
B45: 2025 | C45: 아버지의 해방일지
B46: 2024 | C46: 마흔에 읽는 쇼펜하우어 | D46: 도어
B47: 2024 | C47: 더 좋은 삶을 위한 철학 | D47: 마흔에 읽는 쇼펜하우어
B48: 2024 | C48: IT 천재들 | D48: 인간 실격
B49: 2024 | C49: 칼 로저스의 사람-중심 상담 | D49: 이처럼 사소한 것들
B50: 2024 | C50: 이처럼 사소한 것들 | D50: 만화로 보는 댄 애리얼리 최고의 선택
B51: 2024 | C51: 스토너 | D51: 당신이 생각하는 모든 것을 믿지 말라
B52: 2024 | C52: 불안의 서 | D52: 스토너
B53: 2024 | C53: 만화로 보는 댄 애리얼리 최고의 선택 | D53: 그냥 하지 말라
B54: 2024 | C54: 나를 부르는 숲 | D54: 나를 부르는 숲
B55: 2024 | C55: 드라이브 | D55: 멋진 신세계
B56: 2024 | C56: 죽음의 수용소에서 | D56: 맛있게, 저염식
B57: 2024 | C57: 멋진 신세계 | D57: 새의 선물
... B75: 2024 | C75: 푸른 들판을 걷다 | D75: 프랭클린 익스프레스
B76: 2024 | D76: 마음의 기술
B77: 2023 | C77: 클린 코더 | D77: 어떻게 공부할 것인가
B78: 2023 | C78: 사용자 스토리 | D78: 익스트림 프로그래밍
B79: 2023 | C79: 방구석 미술관 | D79: 생각에 관한 생각
B80: 2023 | C80: 프로페셔널의 조건 | D80: 설국
B81: 2023 | C81: 언러키 스타트업 | D81: 클린 코더
B82: 2023 | C82: 채용과 선발의 심리학 | D82: 방구석 미술관
B83: 2023 | C83: 바닷가 작업실에서는 전혀 다른 시간이 흐른다 | D83: 아다지오 소스테누토
B84: 2023 | C84: 설국 | D84: 언러키 스타트업
B85: 2023 | C85: 하드씽 | D85: 사용자 스토리
B86: 2023 | C86: 읽기 좋은 코드가 좋은 코드다 | D86: 더 골1
B87: 2023 | C87: 더 골1 | D87: 더 골2
B88: 2023 | C88: 더 골2 | D88: 바닷가 작업실에서는 전혀 다른 시간이 흐른다
... B102: 2023 | C102: 도둑맞은 집중력 | D102: 뻬드로 빠라모
B103: 2023 | C103: 도시와 그 불확실한 벽
B104: 2023 | C104: 뻬드로 빠라모
B105: 2023 | C105: 남한산성
B106: 2023 | C106: 새의 선물
B107: 2023 | C107: 침묵의 봄
B108: 2023 | C108: 생각하지 않는 사람들
B109: 2022 | C109: 갈라파고스 | D109: 베네치아의 종소리
B110: 2022 | C110: 베네치아의 종소리 | D110: 갈라파고스
B111: 2022 | C111: 중용 인간의 맛 | D111: 매우 예민한 사람들을 위한 책
B112: 2022 | C112: 통찰, 평범에서 비범으로 | D112: 하버드 100년 전통 말하기 수업
B113: 2022 | C113: 크눌프 | D113: 크눌프
B114: 2022 | C114: 고용 면접의 구조와 과정 | D114: 위로의 미술관
B115: 2022 | C115: 테크니컬 리더 | D115: 대체 뭐가 문제야
B116: 2022 | C116: 위로의 미술관 | D116: 서부 전선 이상 없다
B117: 2022 | C117: 문장과 순간 | D117: 테크니컬 리더
B118: 2022 | C118: 매우 예민한 사람들을 위한 책 | D118: 문장과 순간
B119: 2022 | C119: 리펙터링 2판
B120: 2022 | C120: 클린 애자일
B121: 2022 | C121: 익스트림 프로그래밍
B122: 2022 | C122: 함께 자라기
B123: 2022 | C123: 애자일 회고
B124: 2022 | C124: 고용면접의 구조와 과정
B125: 2022 | C125: 대체 뭐가 문제야
B126: 2021 | C126: 한국 미술 | D126: 공간이 만든 공간
B127: 2021 | C127: 사람은 어떻게 생각하고 배우고 기억하는가 | D127: 한국 미술
B128: 2021 | C128: 상식 밖의 경제학 | D128: 이기적 유전자
B129: 2021 | C129: 스틱 | D129: 만들어진 신
B130: 2021 | C130: 아다지오 소스테누토 | D130: 사람은 어떻게 생각하고 배우고 기억하는가
B131: 2021 | C131: 프로젝트 헤일메리 | D131: 이기는 습관
B132: 2021 | C132: 숫자에 약한 사람들을 위한 통계학 수업 | D132: 내 안에서 나를 만드는 것들
B133: 2021 | C133: 부의 대이동 | D133: 타이탄의 도구들
B134: 2021 | C134: 싯다르타 | D134: 순수의 시대
B135: 2021 | C135: 아처 | D135: 프로젝트 헤일메리
B136: 2021 | C136: 브람스를 좋아하세요 | D136: 스틱
B137: 2021 | C137: 고도를 기다리며 | D137: 아처
... B139: 2021 | C139: 객체지향의 사실과 오해 - 역할, 책임, 협력 관점에서 본 객체지향 | D139: 브람스를 좋아하세요
B140: 2021 | C140: 도메인 주도 설계
...

Sheet 보류목록
B2: 대현 | C2: 문선
B3: 시지프 신화 | C3: 시지프 신화
B4: 빈센트 반고흐 | C4: 설득의 심리학2
B5: 소울메이트 | C5: 몽유병자들(하)
B6: 향수 | C6: 몽유병자들(상)
B7: 긍정의 한줄 | C7: 백범일지
B8: 화성에서 온 남자 금성에서 온 여자 | C8: 월드오브워크래프트 스톰레인지
B9: 샐러드 & 소스 만들기 | C9: 스피드 당구
B10: 스피드 당구 | C10: 제이나 프라우드무어 : 전쟁의 물결
B11: 밥 먹는 술집을 차렸습니다 | C11: 월드오브워크래프트 볼진: 호드의 그림자
B12: 적의 화장법 | C12: 꼬마 니콜라 - 나 홀로 기차 여행
B13: 프랑스 여자는 늙지 않는다 | C13: 꼬마 니콜라 - 공동 꼴찌
... B35: 해리포터와 죽음의 성물 - 1 | C35: 현대 물리학과 동양 사상
B36: 해리포터와 혼혈왕자 - 4
B37: 해리포터와 혼혈왕자 - 3
B38: 해리포터와 혼혈왕자 - 2
B39: 해리포터와 혼혈왕자 - 1
B40: 해리포터와 불사조 기사단 - 5
B41: 해리포터와 불사조 기사단 - 4
B42: 해리포터와 불사조 기사단 - 3
B43: 해리포터와 불사조 기사단 - 2
B44: 해리포터와 불사조 기사단 - 1
B45: 해리포터와 불의 잔 - 4
B46: 해리포터와 불의 잔 - 3
B47: 해리포터와 불의 잔 - 2
... B60: 과자, 내 아이를 해치는 달콤한 유혹
